,Name,Mileage,Condition,Year,Price,Dealer,Count of ratings,Reviews
0,2023 Mazda CX-50 2.5 S Preferred Plus Package,2466.0,Used,2023,34560,Rudolph Mazda,20 ,4.5
1,2023 Acura MDX Technology,6628.0,Used,2023,53814,Vandergriff Acura,1363 ,4.2
2,2023 Acura MDX Technology,1524.0,Used,2023,54975,Vandergriff Acura,1363 ,4.2
3,2023 Acura MDX Technology,2942.0,Used,2023,55794,Vandergriff Acura,1363 ,4.2
4,2023 Acura MDX Advance,5.0,Used,2023,64695,Vandergriff Acura,1363 ,4.2
5,2022 Kia Telluride S,134.0,Used,2022,41998,Arapahoe Kia,178 ,2.0
6,2023 Acura MDX Technology,3797.0,Used,2023,54580,Vandergriff Acura,1363 ,4.2
7,2022 Cadillac CT5-V V-Series Blackwing,2025.0,Used,2022,109999,Cappellino Cadillac,0 ,No names
8,2023 Acura MDX A-Spec,3498.0,Used,2023,59591,Vandergriff Acura,1363 ,4.2
9,2022 BMW X7 M50i,3884.0,Used,2022,112820,BMW MINI of Clear Lake,377 ,4.7
10,2023 Acura MDX Advance,944.0,Used,2023,64695,Vandergriff Acura,1363 ,4.2
11,2022 Volkswagen Atlas 3.6L SE w/Technology,10301.0,Volkswagen Certified,2022,46355,Don Thornton Volkswagen of Tulsa,281 ,3.8
12,2022 Volkswagen Atlas 2.0T SE,9072.0,Volkswagen Certified,2022,38370,Don Thornton Volkswagen of Tulsa,281 ,3.8
13,2023 Acura MDX Advance,1306.0,Used,2023,63763,Vandergriff Acura,1363 ,4.2
14,2022 Ford Explorer Timberline,4535.0,Used,2022,48000,Jimmy Michel Motors,23 ,No names
15,2023 Honda Odyssey Touring,14.0,Used,2023,79888,Jerry's Toyota,935 ,3.8
16,2023 Acura MDX Advance,457.0,Used,2023,64584,Vandergriff Acura,1363 ,4.2
17,2020 Ford Expedition Max Limited,28077.0,Used,2020,62430,Jensen Ford Lincoln,282 ,4.6
18,2020 Mazda MX-5 Miata RF Grand Touring,9407.0,Used,2020,30940,Infiniti of Clearwater,279 ,3.6
19,2008 Ford Ranger XL,117710.0,Used,2008,7999,ODaniel Chrysler Dodge Jeep Ram,4741 ,4.9
20,2005 Subaru Baja Sport,98630.0,Used,2005,14000,Kunes GMC of Belvidere,30 ,3.5
21,2020 Mercedes-Benz S-Class S 560 4MATIC,30312.0,Used,2020,75887,Mercedes-Benz of San Antonio,1825 ,4.9
22,2008 Mercedes-Benz CLS-Class CLS 550,86593.0,Used,2008,12980,Star Motor Sales,189 ,3.4
23,2007 Toyota Camry Solara SLE,75645.0,Used,2007,13000,Lauterbach Buick-GMC,32 ,4.4
24,1964 Volkswagen Beetle (Pre-1980) ,23000.0,Used,1964,31064,Southern Motor Company,14 ,No names
25,2017 Ford Focus RS Base,25719.0,Used,2017,40000,Rides Auto Sales,62 ,5.0
26,2013 Subaru XV Crosstrek 2.0i Limited,62052.0,Used,2013,19000,Rides Auto Sales,62 ,5.0
27,2018 Volvo XC90 T6 R-Design,41600.0,Used,2018,37770,TCF Auto Wholesale,77 ,4.8
28,2021 Kia K5 GT-Line,40541.0,Used,2021,27329,Steven Nissan,150 ,4.6
29,2022 Chevrolet Trailblazer ACTIV,21434.0,Used,2022,36000,East Coast Honda,109 ,No names
30,2014 Volkswagen Tiguan 4MOTION Auto SE,41987.0,Used,2014,16500,Eide Chrysler,213 ,4.7
31,2018 Ford Shelby GT350 Base,37492.0,Used,2018,58995,Hub City Ford,446 ,4.6
32,2020 Chevrolet Colorado WT,43041.0,Used,2020,22500,Estle Chevrolet Cadillac,75 ,2.1
33,2018 INFINITI Q70L 3.7 LUXE,32719.0,Used,2018,34998,CarMax North Houston - Now offering Curbside Pickup and Home Delivery,2 ,No names
34,2021 Ford Expedition Max Limited,27240.0,Used,2021,62149,Audi Columbia,181 ,4.6
35,2022 Chevrolet Blazer 2LT,22886.0,Used,2022,35500,Kool Chevrolet,424 ,3.4
36,2019 Hyundai Tucson SE,45706.0,Used,2019,20988,Springfield Select Autos,6 ,No names
37,2017 BMW 750 i,51028.0,Used,2017,41152,Lindsay Acura,283 ,3.4
38,2015 BMW 328 i,49692.0,Used,2015,18977,BMW of Beaumont,120 ,4.8
39,2006 Mercedes-Benz SLK-Class SLK350 Roadster,57601.0,Used,2006,14910,Mercedes-Benz of Chesterfield,99 ,4.2
40,2019 Volkswagen Atlas 3.6L SE w/Technology,45618.0,Used,2019,27599,Key Acura of Gainesville,66 ,5.0
41,2016 Nissan 370Z Sport Tech,59256.0,Used,2016,26997,Carousel Nissan,56 ,No names
42,2019 Subaru Forester Premium,30615.0,Used,2019,28254,Kelley Buick GMC of Bartow,464 ,4.3
43,2018 Ford Focus ST Base,34240.0,Used,2018,25998,CarMax Arlington/Ft. Worth - Now offering Curbside Pickup and Home Delivery,16 ,No names
44,2019 Lexus GX 460 Base,27272.0,Used,2019,39899,Performance Alfa Romeo,12 ,5.0
45,2014 Lexus RX 350 F Sport,110056.0,Used,2014,19460,Performance Toyota Bountiful,1613 ,4.2
46,2016 Hyundai Tucson Eco,54572.0,Used,2016,18900,Pat McGrath Chrysler Jeep Dodge RAM,313 ,4.5
47,2015 Land Rover Range Rover Evoque Pure,111276.0,Used,2015,19995,Land of Cars,12 ,No names
48,2015 Maserati Ghibli Base,38413.0,Used,2015,28888,Bentley High Point,No names,No names
49,2018 Mercedes-Benz GLS 450 Base 4MATIC,60255.0,Used,2018,42371,Gebhardt BMW,373 ,3.8
50,2017 Volvo S60 Cross Country T5,14029.0,Used,2017,30998,CarMax Serramonte - Now offering Curbside Pickup and Home Delivery,4 ,No names
51,2017 Chevrolet Cruze LT,56148.0,Used,2017,16204,McGrath Fulton CDJR,75 ,4.7
52,2017 Mitsubishi Lancer SE,74897.0,Used,2017,18998,CarMax Lancaster - Now offering Curbside Pickup,13 ,No names
53,2006 Chevrolet Colorado LT,126195.0,Used,2006,10000,Eide Ford-Lincoln Inc,637 ,4.7
54,2014 Toyota Tacoma Base,33162.0,Used,2014,26788,Haddad Toyota,853 ,3.8
55,2010 Chevrolet Camaro 2SS,28262.0,Used,2010,24900,McKenney Salinas Honda,549 ,4.8
56,2022 Buick Envision Essence,10317.0,Used,2022,39040,Sterling Value Pre-Owned,7 ,No names
57,2011 Chevrolet Traverse LS,135110.0,Used,2011,8500,Sundance Chevrolet,9262 ,4.8
58,2020 Mazda MX-5 Miata RF Grand Touring,9407.0,Used,2020,30940,Infiniti of Clearwater,279 ,3.6
59,2008 Ford Ranger XL,117710.0,Used,2008,7999,ODaniel Chrysler Dodge Jeep Ram,4741 ,4.9
60,2005 Subaru Baja Sport,98630.0,Used,2005,14000,Kunes GMC of Belvidere,30 ,3.5
61,2015 Mercedes-Benz C-Class C 300,52643.0,Used,2015,23998,CarMax Reno - Now offering Curbside Pickup,7 ,No names
62,2020 Chevrolet Colorado WT,43041.0,Used,2020,22500,Estle Chevrolet Cadillac,75 ,2.1
63,2022 Audi Q7 45 Premium Plus,4010.0,Used,2022,56804,Kelley Buick GMC of Bartow,464 ,4.3
64,2018 INFINITI Q70L 3.7 LUXE,32719.0,Used,2018,34998,CarMax North Houston - Now offering Curbside Pickup and Home Delivery,2 ,No names
65,2017 GMC Yukon XL Denali,86403.0,Used,2017,41900,Green Buick GMC,407 ,4.5
66,2021 Ford Expedition Max Limited,27240.0,Used,2021,62149,Audi Columbia,181 ,4.6
67,2022 Chevrolet Blazer 2LT,22886.0,Used,2022,35500,Kool Chevrolet,424 ,3.4
68,2019 Hyundai Tucson SE,45706.0,Used,2019,20988,Springfield Select Autos,6 ,No names
69,2017 BMW 750 i,51028.0,Used,2017,41152,Lindsay Acura,283 ,3.4
70,2021 Ford F-250 Lariat,33647.0,Used,2021,73995,Carson Ford,4 ,No names
71,2011 Land Rover LR4 Base,69401.0,Used,2011,19995,MAG Motor Company,6 ,No names
72,2021 Kia Telluride S,32228.0,Used,2021,41998,CarMax Hickory - Now offering Curbside Pickup and Home Delivery,3 ,No names
73,2021 Chevrolet Traverse LT Leather,40143.0,Used,2021,36998,CarMax Sacramento South - Now offering Curbside Pickup and Home Delivery,2 ,No names
74,2020 Land Rover Range Rover Evoque SE,36000.0,Used,2020,42500,No names,No names,No names
75,2002 Buick LeSabre Custom,62247.0,Used,2002,7495,Parkway Auto,83 ,2.5
76,2022 GMC Savana 3500 LS,13451.0,Used,2022,49977,KC Summers Nissan Toyota Buick GMC,35 ,No names
77,2016 Mazda CX-3 Touring,60555.0,Used,2016,16000,Auto Boutique,1050 ,4.9
78,2020 Mercedes-Benz GLB 250 Base,7229.0,Used,2020,41411,Mercedes-Benz of North Orlando,538 ,4.7
79,2021 BMW 228 Gran Coupe 228i sDrive Gran Coupe,24544.0,Used,2021,34332,BMW of Beaumont,120 ,4.8
80,2021 Toyota Supra 2.0,13816.0,Used,2021,44995,Auto Park Ford LaPorte,427 ,4.8
81,2019 Kia Optima SX Turbo,31061.0,Used,2019,31000,Harper Motors,493 ,No names
82,2020 Jaguar F-PACE 30t Prestige,61329.0,Used,2020,37998,CarMax Birmingham - Now offering Curbside Pickup,9 ,No names
83,2021 Audi Q5 e 55 Premium,7571.0,Used,2021,53588,Towbin Fiat / Alfa Romeo,130 ,4.9
84,2016 Mazda CX-9 Grand Touring,62088.0,Used,2016,24595,Rudolph Mazda,20 ,4.5
85,2008 Subaru Impreza Outback Sport Wagon,194000.0,Used,2008,5450,Gable Auto Sales,0 ,No names
86,2016 GMC Terrain Denali,16848.0,Used,2016,27916,Hertrich Buick GMC of Salisbury,12 ,3.5
87,2020 Land Rover Discovery SE,74993.0,Used,2020,32995,Northeast Auto Gallery,173 ,3.5
88,2018 RAM 3500 Limited,75055.0,Used,2018,64853,Secret City Chrysler Dodge Jeep RAM,212 ,2.9
89,2020 RAM 1500 Big Horn,23610.0,Used,2020,37997,Stuckey Mitsubishi,19 ,4.9
90,2003 Lincoln Town Car Executive,105000.0,Used,2003,5588,Pinellas Auto Brokers,77 ,2.4
91,2011 Scion tC Base,101000.0,Used,2011,6900,Platinum Automotive LLC,1 review,No names
92,2021 Lincoln Corsair Reserve,20172.0,Used,2021,44962,Heller Ford,726 ,4.8
93,2015 Lexus GX 460 Base,110186.0,Used,2015,27966,BMW of Roseville,1065 ,4.7
94,2015 BMW 328 i,49692.0,Used,2015,18977,BMW of Beaumont,120 ,4.8
95,2006 Mercedes-Benz SLK-Class SLK350 Roadster,57601.0,Used,2006,14910,Mercedes-Benz of Chesterfield,99 ,4.2
96,2019 Volkswagen Atlas 3.6L SE w/Technology,45618.0,Used,2019,27599,Key Acura of Gainesville,66 ,5.0
97,2016 Nissan 370Z Sport Tech,59256.0,Used,2016,26997,Carousel Nissan,56 ,No names
98,2018 Chrysler 300 S,98790.0,Used,2018,20000,Eide Ford-Lincoln Inc,637 ,4.7
99,2017 Cadillac ATS-V Base,35024.0,Used,2017,47999,Thornton Chevrolet,325 ,4.6
100,2020 Volvo XC40 T5 R-Design,25757.0,Used,2020,38900,Tasca Automotive Group,5748 ,4.8
101,2008 Toyota Prius IV,214148.0,Used,2008,7995,Parkway Auto,83 ,2.5
102,2021 RAM 1500 Laramie,13816.0,Used,2021,57998,CarMax Norcross - Now offering Curbside Pickup and Home Delivery,19 ,No names
103,2020 Jeep Cherokee Latitude,41122.0,Used,2020,24998,CarMax Ocala - Now offering Curbside Pickup,0 ,No names
104,1972 Chevrolet Nova ,89439.0,Used,1972,33790,Auto By Design,301 ,4.4
105,2022 Chrysler Pacifica Limited,18499.0,Chrysler Certified,2022,47250,Hebert's Town & Country Chrysler Dodge Jeep RAM,1784 ,4.8
106,2021 Ford Expedition Max Limited,27240.0,Used,2021,62149,Audi Columbia,181 ,4.6
107,2022 Chevrolet Blazer 2LT,22886.0,Used,2022,35500,Kool Chevrolet,424 ,3.4
108,2019 Hyundai Tucson SE,45706.0,Used,2019,20988,Springfield Select Autos,6 ,No names
109,2017 BMW 750 i,51028.0,Used,2017,41152,Lindsay Acura,283 ,3.4
110,2015 BMW 328 i,49692.0,Used,2015,18977,BMW of Beaumont,120 ,4.8
111,2006 Mercedes-Benz SLK-Class SLK350 Roadster,57601.0,Used,2006,14910,Mercedes-Benz of Chesterfield,99 ,4.2
112,2019 Volkswagen Atlas 3.6L SE w/Technology,45618.0,Used,2019,27599,Key Acura of Gainesville,66 ,5.0
113,2016 Nissan 370Z Sport Tech,59256.0,Used,2016,26997,Carousel Nissan,56 ,No names
114,2008 Toyota Prius IV,214148.0,Used,2008,7995,Parkway Auto,83 ,2.5
115,2002 Buick LeSabre Custom,62247.0,Used,2002,7495,Parkway Auto,83 ,2.5
116,1972 Chevrolet Nova ,89439.0,Used,1972,33790,Auto By Design,301 ,4.4
117,2015 Land Rover Range Rover Evoque Pure,111276.0,Used,2015,19995,Land of Cars,12 ,No names
118,2015 Maserati Ghibli Base,38413.0,Used,2015,28888,Bentley High Point,No names,No names
119,2018 Mercedes-Benz GLS 450 Base 4MATIC,60255.0,Used,2018,42371,Gebhardt BMW,373 ,3.8
120,2017 Volvo S60 Cross Country T5,14029.0,Used,2017,30998,CarMax Serramonte - Now offering Curbside Pickup and Home Delivery,4 ,No names
121,2015 Scion tC ,83043.0,Used,2015,16695,DriveTime of Fresno,No names,No names
122,2015 Mercedes-Benz C-Class C 300,52643.0,Used,2015,23998,CarMax Reno - Now offering Curbside Pickup,7 ,No names
123,2020 Chevrolet Colorado WT,43041.0,Used,2020,22500,Estle Chevrolet Cadillac,75 ,2.1
124,2018 INFINITI Q70L 3.7 LUXE,32719.0,Used,2018,34998,CarMax North Houston - Now offering Curbside Pickup and Home Delivery,2 ,No names
125,2017 GMC Yukon XL Denali,86403.0,Used,2017,41900,Green Buick GMC,407 ,4.5
126,2018 Ford Transit-350 XL,63923.0,Used,2018,47999,Speck Chrysler Dodge Jeep Ram,18 ,No names
127,2016 Kia Optima LX,76689.0,Used,2016,12999,West Chicago Auto Mall,82 ,3.2
128,2009 Nissan Frontier SE Crew Cab,113017.0,Used,2009,11967,Drive N-Motion Greeley,80 ,4.0
129,2021 GMC Canyon Elevation Standard,15721.0,Used,2021,33915,Robert Basil Buick GMC Cadillac,244 ,4.4
130,2017 Mitsubishi Lancer SE,74897.0,Used,2017,18998,CarMax Lancaster - Now offering Curbside Pickup,13 ,No names
131,2014 Toyota Tacoma Base,33162.0,Used,2014,26788,Haddad Toyota,853 ,3.8
132,2010 Chevrolet Camaro 2SS,28262.0,Used,2010,24900,McKenney Salinas Honda,549 ,4.8
133,2022 Buick Envision Essence,10317.0,Used,2022,39040,Sterling Value Pre-Owned,7 ,No names
134,2011 Chevrolet Traverse LS,135110.0,Used,2011,8500,Sundance Chevrolet,9262 ,4.8
135,2020 Mazda MX-5 Miata RF Grand Touring,9407.0,Used,2020,30940,Infiniti of Clearwater,279 ,3.6
136,2008 Ford Ranger XL,117710.0,Used,2008,7999,ODaniel Chrysler Dodge Jeep Ram,4741 ,4.9
137,2005 Subaru Baja Sport,98630.0,Used,2005,14000,Kunes GMC of Belvidere,30 ,3.5
138,2018 Jaguar F-PACE S,66692.0,Used,2018,39998,CarMax South Portland - Now offering Curbside Pickup,2 ,No names
139,1987 Chevrolet Monte Carlo SS,83841.0,Used,1987,22500,Mathews Chrysler Dodge Jeep Ram,12 ,1.4
140,2017 BMW X5 xDrive35i,99501.0,Used,2017,23995,"Paducah Ford Lincoln Mazda, Inc.",312 ,4.6
141,2018 Hyundai Elantra SE,20801.0,Used,2018,17582,Dan Deery Motors,67 ,4.0
142,2020 Mercedes-Benz GLE 450 AWD 4MATIC,21688.0,Used,2020,57998,CarMax Loveland - Now offering Curbside Pickup and Home Delivery,8 ,No names
143,2021 Lincoln Navigator L Reserve,13600.0,Used,2021,81000,No names,No names,No names
144,2020 Nissan Rogue Sport SV,7589.0,Used,2020,28998,CarMax Pharr - Now offering Curbside Pickup,2 ,No names
145,2018 Ford Focus ST Base,34240.0,Used,2018,25998,CarMax Arlington/Ft. Worth - Now offering Curbside Pickup and Home Delivery,16 ,No names
146,2019 Lexus GX 460 Base,27272.0,Used,2019,39899,Performance Alfa Romeo,12 ,5.0
147,2017 Lincoln MKC Reserve,46749.0,Used,2017,23984,Leson Chevrolet,430 ,4.3
148,2014 Lexus RX 350 F Sport,110056.0,Used,2014,19460,Performance Toyota Bountiful,1613 ,4.2
149,2011 Land Rover LR4 Base,69401.0,Used,2011,19995,MAG Motor Company,6 ,No names
150,2016 GMC Yukon XL Denali,69962.0,Used,2016,41998,CarMax Tulsa - Now offering Curbside Pickup,17 ,No names
151,2017 Cadillac ATS-V Base,35024.0,Used,2017,47999,Thornton Chevrolet,325 ,4.6
152,2020 Volvo XC40 T5 R-Design,25757.0,Used,2020,38900,Tasca Automotive Group,5748 ,4.8
153,2011 Jaguar XK Base,46500.0,Used,2011,19500,No names,No names,No names
154,2015 Hyundai Genesis Coupe 3.8 R-Spec,86366.0,Used,2015,20777,Auto Merchants Inc.,147 ,4.0
155,2022 Hyundai Santa Cruz 2.5L SEL,18303.0,Used,2022,32975,Balise Hyundai,513 ,4.4
156,2022 Volkswagen Taos 1.5T SE,10176.0,Used,2022,26998,CarMax Baton Rouge - Now offering Curbside Pickup and Home Delivery,7 ,No names
157,2013 Ford Edge Limited,145121.0,Used,2013,11995,Briggs Fort Scott,109 ,3.6
158,2003 Audi RS6 Quattro,61370.0,Used,2003,24995,E&A Motors,10 ,3.8
159,2018 Jeep Grand Cherokee Altitude,58842.0,Used,2018,29986,Jim Wernig Chevrolet,47 ,No names
160,2021 Honda Passport Touring,8392.0,Used,2021,37399,Vaughn Automotive,131 ,2.7
161,2016 RAM ProMaster 1500 Low Roof,24917.0,Used,2016,29995,Stevens Creek Toyota,408 ,3.9
162,2008 Subaru Impreza Outback Sport Wagon,194000.0,Used,2008,5450,Gable Auto Sales,0 ,No names
163,2022 Volkswagen Passat 2.0T SE,9650.0,Volkswagen Certified,2022,25500,Coachella Valley Volkswagen,133 ,2.3
164,2022 Porsche 718 Cayman GT4,1357.0,Used,2022,139991,Porsche Beachwood,300 ,4.8
165,2017 Mercedes-Benz AMG C 63 S,36371.0,Used,2017,58900,Mercedeshowroom,16 ,2.6
166,2012 Mercedes-Benz GL-Class GL 450 4MATIC,52051.0,Used,2012,20900,Auto X-Change,23 ,1.4
167,2022 Volkswagen Atlas 3.6L SE w/Technology,10389.0,Used,2022,40326,Harper Volkswagen,887 ,4.7
168,2022 Buick Envision Essence,14538.0,Buick Certified,2022,39995,Crown Buick GMC,1217 ,4.9
169,2022 Audi SQ5 3.0T Premium,10730.0,Used,2022,52981,Infiniti of Clearwater,279 ,3.6
170,2014 Toyota Camry L,80597.0,Used,2014,15900,Brinkman Brothers Inc,No names,No names
171,2022 GMC Sierra 1500 Limited AT4,10849.0,Used,2022,61263,Keller Auto Group,2 ,No names
172,2018 Ford Escape SE,117609.0,Used,2018,15998,CarMax Norman - Now offering Curbside Pickup and Home Delivery,0 ,No names
173,2017 Chevrolet SS Base,13299.0,Used,2017,56900,Wholesale Luxury Cars LLC,15 ,3.7
174,2016 Buick Encore Base,71823.0,Used,2016,14995,H & S Motors,1 review,No names
175,1968 Pontiac Firebird 350,63000.0,Used,1968,34000,Exit5 Auto Group,118 ,4.0
176,2021 Lexus LS 500 F Sport,3523.0,Used,2021,76519,Integrity Automotive,90 ,No names
177,2021 Hyundai Elantra SEL,25212.0,Used,2021,23900,Dorsett Automotive,156 ,No names
178,2022 Kia K5 LX,23559.0,Used,2022,27496,Honda of Denton,713 ,4.5
179,2021 Hyundai Palisade SE,25590.0,Used,2021,34985,Tomlinson Motor Company,83 ,No names
180,2020 Land Rover Discovery Landmark,21014.0,Used,2020,55721,West Herr Chevrolet of Williamsville,349 ,4.8
181,2016 Mercedes-Benz AMG GT AMG GT S,43480.0,Used,2016,77995,Mint Auto Sales,189 ,3.0
182,2015 Hyundai Genesis 3.8,50382.0,Used,2015,21349,Bob Rohrman Kia,836 ,4.5
183,2018 Toyota Avalon XLE,69025.0,Toyota Certified,2018,24967,Kings Toyota,527 ,3.4
184,2019 Hyundai Kona SE,18767.0,Used,2019,23981,Kendall Ford of Eugene,1074 ,4.3
185,2008 Pontiac Solstice GXP,17101.0,Used,2008,19598,Bobby Rahal Lexus,103 ,No names
186,2020 Maserati Ghibli S Q4,39020.0,Used,2020,41988,Definitive Motors,109 ,3.9
187,2013 Lexus LX 570 Base,99130.0,Used,2013,37995,Fields Lexus Glenview,2556 ,4.8
188,2021 Volvo XC90 T6 Momentum 7 Passenger,29591.0,Volvo Certified,2021,49900,"Jaguar, Land Rover, Volvo Cars of Indianapolis",433 ,4.3
189,2019 Chevrolet Express 3500 LT,25297.0,Used,2019,38988,Honda of  Kirkland,1052 ,4.7
190,1968 Pontiac Firebird 350,63000.0,Used,1968,34000,Exit5 Auto Group,118 ,4.0
191,2021 Lexus LS 500 F Sport,3523.0,Used,2021,76519,Integrity Automotive,90 ,No names
192,2021 Hyundai Elantra SEL,25212.0,Used,2021,23900,Dorsett Automotive,156 ,No names
193,2009 Honda Pilot EX-L,134277.0,Used,2009,9950,Shift Portland,11 ,2.2
194,2019 Jaguar F-TYPE R,5301.0,Used,2019,72980,Jaguar Land Rover North Haven,60 ,4.7
195,2021 Lincoln Aviator Reserve AWD,31037.0,Used,2021,55000,Pat McGrath Chrysler Jeep Dodge RAM,313 ,4.5
196,2011 Nissan Titan S,119736.0,Used,2011,15995,East Carolina Auto Exchange,4 ,No names
197,2014 Mercedes-Benz GLK-Class GLK 350 4MATIC,131803.0,Used,2014,14989,AutoNation Volkswagen Columbus,188 ,4.4
198,2013 BMW 535 i,65171.0,Used,2013,21495,Godspeed Motors,246 ,4.7
199,2016 Lexus RC 200t Base,55761.0,Used,2016,28954,AutoNation USA Henderson,121 ,4.3
200,2012 Acura TSX 2.4,155442.0,Used,2012,9945,Top Gear Motors,11 ,3.7
201,2021 Lincoln Corsair Reserve,19986.0,Used,2021,40690,County Ford,312 ,3.9
202,2013 Lexus LX 570 Base,99130.0,Used,2013,37995,Fields Lexus Glenview,2556 ,4.8
203,2021 Volvo XC90 T6 Momentum 7 Passenger,29591.0,Volvo Certified,2021,49900,"Jaguar, Land Rover, Volvo Cars of Indianapolis",433 ,4.3
204,2022 Kia K5 LX,23559.0,Used,2022,27496,Honda of Denton,713 ,4.5
205,2015 Hyundai Genesis 3.8,50382.0,Used,2015,21349,Bob Rohrman Kia,836 ,4.5
206,2018 Toyota Avalon XLE,69025.0,Toyota Certified,2018,24967,Kings Toyota,527 ,3.4
207,2017 Ferrari F12berlinetta ,859.0,Used,2017,1599500,Ferrari of Newport Beach,167 ,No names
208,2017 Nissan Maxima 3.5 SV,67966.0,Used,2017,20219,Bob Rohrman Kia,836 ,4.5
209,2019 Hyundai Kona SE,18767.0,Used,2019,23981,Kendall Ford of Eugene,1074 ,4.3
210,2019 Nissan Murano SL,29629.0,Used,2019,27995,BMW of Idaho Falls,48 ,5.0
211,2022 INFINITI QX60 SENSORY,8000.0,Used,2022,56490,Suburban Buick GMC Cadillac,496 ,3.2
212,2012 INFINITI G37 Base,111383.0,Used,2012,18998,CarMax Oklahoma City - Now offering Curbside Pickup and Home Delivery,3 ,No names
213,2021 BMW 228 Gran Coupe i xDrive,43853.0,Used,2021,31856,McLarty Daniel Buick GMC,948 ,4.8
214,2013 INFINITI IPL G Base,83858.0,Used,2013,22995,Central A/S LLC,26 ,3.4
215,2019 Ford Transit-150 Base,7156.0,Used,2019,69988,Martin Auto Gallery,39 ,4.4
216,2016 Dodge Dart SXT,56909.0,Used,2016,14068,Ken Garff West Valley Chrysler Jeep Dodge Ram Fiat,670 ,4.1
217,2010 Cadillac CTS-V Base,63319.0,Used,2010,38500,Lake View Ford Inc.,39 ,4.2
218,2023 GMC Yukon SLT,2280.0,Used,2023,77500,Rickenbaugh Cadillac Volvo Cars,2659 ,4.6
219,2012 Maserati GranTurismo S Automatic,78405.0,Used,2012,34950,Overland Park Imports,89 ,2.4
220,2019 Nissan Titan S,30876.0,Used,2019,37550,Causeway Ford Lincoln,879 ,4.7
221,2016 BMW 535 i xDrive,71641.0,Used,2016,22999,CarVision Nissan,394 ,4.5
222,2017 Maserati Levante S,34515.0,Used,2017,41988,Definitive Motors,109 ,3.9
223,2022 Volvo XC90 Recharge Plug-In Hybrid T8 R-Design 7 Passenger,12676.0,Used,2022,74500,Rickenbaugh Cadillac Volvo Cars,2659 ,4.6
224,2022 McLaren GT Base,2062.0,Used,2022,259000,Sale Auto Mall,44 ,4.5
225,2018 BMW X5 M Base,32180.0,Used,2018,63846,AutoNation Chrysler Dodge Jeep Ram South Columbus,504 ,4.5
226,2020 Mazda Mazda6 Grand Touring Reserve,15203.0,Used,2020,31663,Garber Chevrolet Subaru,256 ,4.8
227,2021 Nissan Kicks SR,16687.0,Nissan Certified,2021,30485,Byerly Nissan,684 ,4.9
228,1994 Porsche 928 GTS,67811.0,Used,1994,79890,Auto By Design,301 ,4.4
229,2017 Lincoln MKZ Reserve,58020.0,Used,2017,23500,"Jaguar, Land Rover, Volvo Cars of Indianapolis",433 ,4.3
230,2014 Mercedes-Benz GLK-Class GLK 350 4MATIC,131803.0,Used,2014,14989,AutoNation Volkswagen Columbus,188 ,4.4
231,2021 Jeep Grand Cherokee L Limited,15521.0,Used,2021,43629,Hebert's Town & Country Chrysler Dodge Jeep RAM,1784 ,4.8
232,2020 Audi SQ5 3.0T Premium,30218.0,Used,2020,46981,Desert European Motorcars,281 ,3.9
233,2017 Honda Accord Sport,70857.0,Used,2017,20998,Don Thornton Volkswagen of Tulsa,281 ,3.8
234,2021 BMW M340 i xDrive,10155.0,Used,2021,53598,AutoNation Toyota Arapahoe,3076 ,4.5
235,2018 Volvo V90 Cross Country T5,70520.0,Used,2018,30994,Metro Ford Sales & Service,227 ,4.5
236,2022 Jeep Wagoneer Series III,13072.0,Used,2022,76000,Premier Dodge Chrysler Jeep RAM,167 ,3.9
237,2019 Lexus GX 460 Base,28796.0,Used,2019,39995,Automotive Avenues,1544 ,4.8
238,2012 Mitsubishi Lancer Evolution GSR,62286.0,Used,2012,28791,Midwest Motors,137 ,4.6
239,2020 Chrysler Pacifica Hybrid Limited,32882.0,Used,2020,42988,Chris Nikel Chrysler Jeep Dodge Ram Fiat,1236 ,4.8
240,2010 Hyundai Genesis Coupe 3.8,22929.0,Used,2010,17995,"Car Town USA, Inc.",36 ,4.7
241,2021 BMW 540 i,21964.0,Used,2021,48000,Grubbs Acura,92 ,4.2
242,2003 Porsche 911 Targa,110196.0,Used,2003,24995,San Diego eCars Inc.,6 ,No names
243,2017 Mercedes-Benz C-Class C 300,69854.0,Used,2017,24814,Landers Toyota of Northwest Arkansas,7428 ,4.6
244,2012 Mercedes-Benz GL-Class GL 450 4MATIC,52051.0,Used,2012,20900,Auto X-Change,23 ,1.4
245,2018 Audi A5 2.0T Prestige,105869.0,Used,2018,26492,Nissan of Jefferson City,1370 ,4.6
246,2008 Audi TT 3.2 Cabriolet quattro,86735.0,Used,2008,14900,Auto X-Change,23 ,1.4
247,2020 BMW X4 M Competition,5622.0,Used,2020,67968,Hendrick Southpoint Auto Mall,816 ,4.8
248,2022 Mitsubishi Outlander Sport 2.0 LE,8400.0,Used,2022,22872,RC Hill Mitsubishi-DeLand,3254 ,4.9
249,2006 Cadillac DTS ,39260.0,Used,2006,8995,Showcase Auto Sales LLC,194 ,2.2
250,2022 INFINITI QX55 LUXE,20705.0,Used,2022,42677,Jaguar-Land Rover Sacramento,10 ,No names
251,2014 Chevrolet Corvette Stingray Z51,30536.0,Used,2014,44994,Fox Auto Group,21 ,No names
252,2021 Jeep Grand Cherokee Limited,33502.0,Used,2021,38444,Reliance Chrysler Jeep Dodge Ram,2 ,No names
253,2020 Jaguar XE S,46531.0,Used,2020,29000,Jaguar Hilton Head,49 ,4.5
254,2020 Volvo S90 T6 R-Design,29798.0,Used,2020,40497,AutoNation Ford Katy,2510 ,4.5
255,2019 Acura RDX A-Spec,43082.0,Used,2019,36988,BMW of Palm Springs,600 ,4.8
256,2020 Genesis G90 5.0 Ultimate,24193.0,Used,2020,56998,Herb Connolly Hyundai,1060 ,3.9
257,2016 RAM 3500 Tradesman,106150.0,Used,2016,46995,Freeman Motor Co Salem,0 ,No names
258,2009 Maserati GranTurismo S,37549.0,Used,2009,49990,Scottsdale Ferrari-Maserati,46 ,5.0
259,2020 Chevrolet Silverado 1500 High Country,43089.0,Chevrolet Certified,2020,54487,Banks Chevy GMC Buick,1389 ,4.7
260,2012 Chevrolet Colorado 1LT,32468.0,Used,2012,18000,T and S Ford,4 ,No names
261,2019 GMC Sierra 1500 Limited SLE,34936.0,GMC Certified,2019,36987,Banks Chevy GMC Buick,1389 ,4.7
262,2007 Jeep Liberty Sport,67491.0,Used,2007,10797,Waukesha's Best Used Cars,41 ,No names
263,2012 INFINITI EX35 Journey,124635.0,Used,2012,9995,Naber Auto Trading,0 ,No names
264,2005 Chevrolet Monte Carlo SS Supercharged,130449.0,Used,2005,7995,International Auto Outlet,188 ,2.3
265,2002 Volkswagen Eurovan MV,155015.0,Used,2002,21980,Starfire Auto Inc.,92 ,3.6
266,2022 Dodge Charger Scat Pack,7877.0,Used,2022,65900,GR Auto Gallery,198 ,3.0
267,2012 Chevrolet Express 3500 LT,163651.0,Used,2012,19999,Unique Auto Group,45 ,4.1
268,2020 Audi A6 55 Prestige,13240.0,Used,2020,52895,Ray Skillman Hyundai of Avon,877 ,4.8
269,2018 Lexus LS 500 Base,36533.0,Used,2018,51493,City Mitsubishi,174 ,2.8
270,2006 Honda S2000 ,40505.0,Used,2006,32575,Route 36 Motorcars,4 ,No names
271,2020 Toyota Tundra SR5,16385.0,Used,2020,41525,AutoNation Toyota Fort Myers,3903 ,4.3
272,2009 Lexus GX 470 ,137422.0,Used,2009,16995,Elite Motors,102 ,4.8
273,2018 Dodge Durango GT,17815.0,Used,2018,34244,Reliance Chrysler Jeep Dodge Ram,2 ,No names
274,2016 Nissan NV200 SV,77918.0,Used,2016,20995,Gandrud Chevrolet,892 ,No names
275,2012 Bentley Continental Supersports ISR,16994.0,Used,2012,119900,Hyundai of Newport,561 ,No names
276,2021 Ford Mustang Mach-E Select,9829.0,Used,2021,50122,Joe Machens Ford Lincoln,1273 ,4.6
277,2004 Toyota Tundra SR5,68315.0,Used,2004,23988,Roseville Automaxx,12 ,No names
278,2018 Hyundai Sonata Sport,56580.0,Used,2018,18996,Joe Machens Ford Lincoln,1273 ,4.6
279,2013 Chrysler 300 S,55500.0,Used,2013,18894,Handy Toyota Inc,4334 ,4.8
280,2008 Toyota Tundra SR5,129962.0,Used,2008,17425,Tillery Chevrolet GMC,98 ,4.1
281,2013 Porsche 911 Carrera 4S,23693.0,Used,2013,81900,Tri-City Auto Gallery,5 ,No names
282,2016 Acura ILX 2.4L,57391.0,Used,2016,20100,Altoona Honda,422 ,4.5
283,2019 Lincoln Navigator Reserve,50399.0,Used,2019,59500,Doug Gray Chrysler Dodge Jeep Inc,72 ,No names
284,2019 BMW X4 xDrive30i,29721.0,BMW Certified,2019,43268,DeFOUW Automotive,655 ,4.8
285,2005 Nissan Titan SE Crew Cab,78638.0,Used,2005,14995,405 Motors,383 ,3.5
286,2020 Mercedes-Benz AMG C 43 Base 4MATIC,22122.0,Used,2020,49788,BMW VW of Topeka,200 ,4.5
287,2016 Tesla Model X 90D,62565.0,Used,2016,59996,Barnes Crossing Chevrolet Buick GMC,105 ,4.0
288,2011 Mercedes-Benz S-Class S 550,112522.0,Used,2011,16500,Clement Ford,680 ,4.6
289,2011 Volvo XC60 T6,39512.0,Used,2011,16999,BMW of Fairfax,1801 ,4.7
290,2018 Toyota RAV4 SE,113540.0,Used,2018,19995,Car Source,75 ,2.0
291,2017 Nissan Murano S,38119.0,Used,2017,28999,Liberty Mitsubishi,10 ,4.6
292,2019 Volvo S60 T6 Momentum,35368.0,Used,2019,31500,Unlimited Motors,51 ,5.0
293,2019 Cadillac XTS Luxury,51799.0,Cadillac Certified,2019,28996,Cadillac of Las Vegas,299 ,No names
294,2019 Kia Stinger Base,13656.0,Kia Certified,2019,28995,Kia Delray,2797 ,4.8
295,1968 Pontiac Firebird 350,63000.0,Used,1968,34000,Exit5 Auto Group,118 ,4.0
296,2021 Volvo XC90 T6 Momentum 7 Passenger,29591.0,Volvo Certified,2021,49900,"Jaguar, Land Rover, Volvo Cars of Indianapolis",433 ,4.3
297,2022 Kia K5 LX,23559.0,Used,2022,27496,Honda of Denton,713 ,4.5
298,2021 Hyundai Palisade SE,25590.0,Used,2021,34985,Tomlinson Motor Company,83 ,No names
299,2015 Hyundai Genesis 3.8,50382.0,Used,2015,21349,Bob Rohrman Kia,836 ,4.5
300,2014 Kia Sorento LX,91874.0,Used,2014,14503,Central Toyota,52 ,No names
301,2020 Hyundai IONIQ Hybrid SE,9998.0,Used,2020,25700,Centennial Hyundai,1730 ,4.5
302,2016 Subaru BRZ Limited,52763.0,Used,2016,23695,Rocky Ridge Auto Sales,637 ,4.9
303,2021 RAM 1500 Classic SLT,23864.0,RAM Certified,2021,40233,Keene Dodge Chrysler Jeep,173 ,3.8
304,2020 Maserati Ghibli S Q4,39020.0,Used,2020,41988,Definitive Motors,109 ,3.9
305,2021 Ford Mustang Mach-E Select,8510.0,Used,2021,52500,H&H Kia,708 ,3.5
306,2018 Porsche Macan ,21500.0,Used,2018,49998,CarMax Laurel - Now offering Curbside Pickup,31 ,No names
307,2011 Ford Ranger Sport,57783.0,Used,2011,18900,Advantage Auto Direct,218 ,4.8
308,2015 Ford Mustang GT,93389.0,Used,2015,24989,Max Hyundai Manhattan,363 ,4.7
309,2022 Buick Enclave Premium,5171.0,Used,2022,45900,Kian Motors,58 ,4.3
310,2023 GMC Yukon SLT,2280.0,Used,2023,77500,Rickenbaugh Cadillac Volvo Cars,2659 ,4.6
311,2012 Maserati GranTurismo S Automatic,78405.0,Used,2012,34950,Overland Park Imports,89 ,2.4
312,2019 Nissan Titan S,30876.0,Used,2019,37550,Causeway Ford Lincoln,879 ,4.7
313,2016 BMW 535 i xDrive,71641.0,Used,2016,22999,CarVision Nissan,394 ,4.5
314,2017 Maserati Levante S,34515.0,Used,2017,41988,Definitive Motors,109 ,3.9
315,2016 BMW X1 xDrive 28i,78819.0,Used,2016,21999,Speck Chrysler Dodge Jeep Ram,18 ,No names
316,2020 Chevrolet Silverado 1500 High Country,43089.0,Chevrolet Certified,2020,54487,Banks Chevy GMC Buick,1389 ,4.7
317,2012 Chevrolet Colorado 1LT,32468.0,Used,2012,18000,T and S Ford,4 ,No names
318,2019 GMC Sierra 1500 Limited SLE,34936.0,GMC Certified,2019,36987,Banks Chevy GMC Buick,1389 ,4.7
319,2007 Jeep Liberty Sport,67491.0,Used,2007,10797,Waukesha's Best Used Cars,41 ,No names
320,2012 INFINITI EX35 Journey,124635.0,Used,2012,9995,Naber Auto Trading,0 ,No names
321,2005 Chevrolet Monte Carlo SS Supercharged,130449.0,Used,2005,7995,International Auto Outlet,188 ,2.3
322,2002 Volkswagen Eurovan MV,155015.0,Used,2002,21980,Starfire Auto Inc.,92 ,3.6
323,2022 Dodge Charger Scat Pack,7877.0,Used,2022,65900,GR Auto Gallery,198 ,3.0
324,2012 Chevrolet Express 3500 LT,163651.0,Used,2012,19999,Unique Auto Group,45 ,4.1
325,2020 Audi A6 55 Prestige,13240.0,Used,2020,52895,Ray Skillman Hyundai of Avon,877 ,4.8
326,2016 Cadillac Escalade Platinum,30631.0,Used,2016,46997,Rhinelander Auto Center,78 ,4.1
327,2020 Toyota Tundra SR5,16385.0,Used,2020,41525,AutoNation Toyota Fort Myers,3903 ,4.3
328,2017 Volvo V60 Cross Country T5,99062.0,Used,2017,19870,Morong Falmouth Mazda,672 ,4.7
329,2017 Lexus RX 450h Base,50574.0,Used,2017,38954,BMW of Las Vegas,1784 ,4.7
330,2023 Genesis GV80 3.5T,3182.0,Used,2023,69990,AutoNation USA Phoenix,140 ,4.1
331,2022 Toyota Corolla SE Nightshade,12563.0,Used,2022,26198,Lou Fusz Toyota,3343 ,4.9
332,2007 Chevrolet Impala SS,35533.0,Used,2007,11000,J.B.A. Chevrolet,391 ,3.7
333,2019 Land Rover Range Rover 3.0L V6 Supercharged HSE,25101.0,Used,2019,69985,Bob Johnson Certified Collection,17 ,No names
334,2021 BMW M850 Gran Coupe i xDrive,20771.0,Used,2021,84999,BMW of Las Vegas,1784 ,4.7
335,2018 RAM 2500 Laramie,120980.0,Used,2018,44605,Victory Chevrolet of Savannah,34 ,3.5
336,2020 Jeep Cherokee Limited 4WD,24965.0,Used,2020,30000,Superior Dodge Chrysler Jeep Ram Of Siloam Springs,51 ,2.8
337,2010 Honda Ridgeline RTL,118172.0,Used,2010,15995,Honda of Salem,1588 ,4.8
338,2017 GMC Yukon SLE,78037.0,Used,2017,32995,Halladay Buick GMC,714 ,4.9
339,2020 Audi S4 3.0T Premium,14923.0,Used,2020,51950,Hennessy Porsche,1768 ,4.9
340,2020 Lincoln Aviator Reserve AWD,19352.0,Used,2020,58990,Doral Lincoln,924 ,2.9
341,2022 GMC Sierra 3500 Denali,4032.0,Used,2022,87713,Parks Motor Sales Inc,50 ,4.0
342,2013 Mitsubishi Outlander Sport ES,105169.0,Used,2013,7999,Auto Spot LLC,177 ,3.2
343,2022 BMW M4 Competition,11231.0,Used,2022,86789,BMW of Towson,271 ,4.7
344,2019 Mercedes-Benz E-Class E 450,18457.0,Used,2019,60998,Mercedes-Benz of Anaheim,1696 ,4.6
345,2021 Hyundai Elantra SEL,29996.0,Used,2021,18498,HGreg Nissan Kendall,337 ,4.7
346,2017 Kia Niro Touring,26517.0,Used,2017,25224,Lexus of Sacramento,641 ,4.7
347,2021 Ford Expedition XLT,24578.0,Used,2021,48382,AutoNation Chevrolet Gilbert,775 ,4.4
348,2018 Porsche Panamera E-Hybrid Turbo S,34660.0,Used,2018,139300,Porsche Colorado Springs,48 ,4.5
349,2019 Jaguar E-PACE S,15002.0,Used,2019,39990,Jaguar Land Rover Harrisburg,30 ,No names
350,2019 Hyundai IONIQ Hybrid Blue,83786.0,Used,2019,17499,GTX Auto Group INC,51 ,3.3
351,2022 Alfa Romeo Stelvio Veloce,22929.0,Used,2022,47987,Bill Luke Tempe,1151 ,4.8
352,2013 Volvo C30 T5 R-Design Premier Plus,89453.0,Used,2013,15488,Bobby Rahal Volvo Cars South Hills,49 ,4.8
353,2018 FIAT 500 Pop,34358.0,Used,2018,15995,Five Star Auto Sales of Tampa,54 ,4.2
354,2015 RAM ProMaster 2500 High Roof,151366.0,Used,2015,25114,Jim Riehl's Friendly Chrysler-Dodge-Jeep-RAM,903 ,4.9
355,2020 Jaguar XE S,46531.0,Used,2020,29000,Jaguar Hilton Head,49 ,4.5
356,2020 Volvo S90 T6 R-Design,29798.0,Used,2020,40497,AutoNation Ford Katy,2510 ,4.5
357,2019 Mercedes-Benz AMG GLS 63 Base 4MATIC,62275.0,Used,2019,73000,Mercedes-Benz of Lynnwood,127 ,4.4
358,2020 Volvo S60 T6 Momentum,20906.0,Used,2020,30100,Capitol City Ford,178 ,4.2
359,2022 Hyundai Elantra N Base,28089.0,Used,2022,34198,Whitmoyer Auto Group,296 ,4.4
360,2018 Chrysler 300 S,72871.0,Used,2018,22986,Kendall Ford of Meridian,1119 ,4.7
361,2014 Nissan Versa Note SV,99230.0,Used,2014,11990,Lithia Nissan Of Eugene,467 ,4.0
362,2017 Toyota RAV4 Hybrid XLE,92254.0,Used,2017,21995,Parks Ford of Wesley Chapel,2803 ,4.7
363,2019 Honda Fit LX,37993.0,Used,2019,19455,Shottenkirk Superstore,101 ,4.1
364,2020 Chevrolet Silverado 1500 High Country,43089.0,Chevrolet Certified,2020,54487,Banks Chevy GMC Buick,1389 ,4.7
365,2012 Chevrolet Colorado 1LT,32468.0,Used,2012,18000,T and S Ford,4 ,No names
366,2018 Volvo XC90 T6 R-Design,29453.0,Used,2018,39990,TCF Auto Wholesale,77 ,4.8
367,2019 Land Rover Range Rover Sport HSE MHEV,19319.0,Used,2019,65480,Giles Nissan Lafayette,24 ,3.2
368,2015 Chevrolet Impala 1LS,87559.0,Used,2015,16995,LaFleur Auto Sales,5 ,No names
369,2007 Toyota Camry Solara SLE,75645.0,Used,2007,13000,Lauterbach Buick-GMC,32 ,4.4
370,2017 Ford Focus RS Base,25719.0,Used,2017,40000,Rides Auto Sales,62 ,5.0
371,2018 Volvo XC90 T6 R-Design,41600.0,Used,2018,37770,TCF Auto Wholesale,77 ,4.8
372,2021 Kia K5 GT-Line,40541.0,Used,2021,27329,Steven Nissan,150 ,4.6
373,1964 Volkswagen Beetle (Pre-1980) ,23000.0,Used,1964,31064,Southern Motor Company,14 ,No names
374,2022 Chevrolet Trailblazer ACTIV,21434.0,Used,2022,36000,East Coast Honda,109 ,No names
375,2013 Subaru XV Crosstrek 2.0i Limited,62052.0,Used,2013,19000,Rides Auto Sales,62 ,5.0
376,2008 Mercedes-Benz CLS-Class CLS 550,86593.0,Used,2008,12980,Star Motor Sales,189 ,3.4
377,2014 Volkswagen Tiguan 4MOTION Auto SE,41987.0,Used,2014,16500,Eide Chrysler,213 ,4.7
378,2020 BMW X7 xDrive40i,31348.0,BMW Certified,2020,65490,BMW of Idaho Falls,48 ,5.0
379,2018 Ford Shelby GT350 Base,37492.0,Used,2018,58995,Hub City Ford,446 ,4.6
380,2022 GMC Savana 3500 LS,13451.0,Used,2022,49977,KC Summers Nissan Toyota Buick GMC,35 ,No names
381,2002 Buick LeSabre Custom,62247.0,Used,2002,7495,Parkway Auto,83 ,2.5
382,1972 Chevrolet Nova ,89439.0,Used,1972,33790,Auto By Design,301 ,4.4
383,2016 Mazda CX-3 Touring,60555.0,Used,2016,16000,Auto Boutique,1050 ,4.9
384,2015 Land Rover Range Rover Evoque Pure,111276.0,Used,2015,19995,Land of Cars,12 ,No names
385,2015 Maserati Ghibli Base,38413.0,Used,2015,28888,Bentley High Point,No names,No names
386,2018 Mercedes-Benz GLS 450 Base 4MATIC,60255.0,Used,2018,42371,Gebhardt BMW,373 ,3.8
387,2017 Volvo S60 Cross Country T5,14029.0,Used,2017,30998,CarMax Serramonte - Now offering Curbside Pickup and Home Delivery,4 ,No names
388,2017 Chevrolet Cruze LT,56148.0,Used,2017,16204,McGrath Fulton CDJR,75 ,4.7
389,2016 Mitsubishi Outlander Sport 2.4 ES,68620.0,Used,2016,15998,Leeder Automotive,80 ,No names
390,2020 RAM 1500 Big Horn,23610.0,Used,2020,37997,Stuckey Mitsubishi,19 ,4.9
391,2003 Lincoln Town Car Executive,105000.0,Used,2003,5588,Pinellas Auto Brokers,77 ,2.4
392,2014 BMW 320 i xDrive,134889.0,Used,2014,11571,Yalcars,306 ,4.4
393,2022 Cadillac CT5 Premium Luxury AWD,10838.0,Used,2022,49000,Kunes GMC of Belvidere,30 ,3.5
394,2011 Scion tC Base,101000.0,Used,2011,6900,Platinum Automotive LLC,1 review,No names
395,2021 Lincoln Corsair Reserve,20172.0,Used,2021,44962,Heller Ford,726 ,4.8
396,2008 Toyota Prius IV,214148.0,Used,2008,7995,Parkway Auto,83 ,2.5
397,2021 RAM 1500 Laramie,13816.0,Used,2021,57998,CarMax Norcross - Now offering Curbside Pickup and Home Delivery,19 ,No names
398,2020 Jeep Cherokee Latitude,41122.0,Used,2020,24998,CarMax Ocala - Now offering Curbside Pickup,0 ,No names
399,2018 Mercedes-Benz GLE 350 Base,61435.0,Used,2018,33999,Hebert's Town & Country Chrysler Dodge Jeep RAM,1784 ,4.8
400,2020 Dodge Durango GT,61837.0,Used,2020,33487,Lithia Toyota of Springfield,1216 ,4.9
401,2020 Audi Q3 2.0T Premium Plus,11907.0,Used,2020,39900,Audi Middleburg Heights,35 ,No names
402,2022 Land Rover Range Rover P400 SE,3123.0,Used,2022,162998,Century Automotive,15 ,1.6
403,2021 Subaru WRX STI Limited w/Lip,3655.0,Subaru Certified,2021,48498,AutoNation Subaru Hunt Valley,345 ,4.7
404,2018 BMW 320 i xDrive,23789.0,Used,2018,22995,Unlimited Auto Group,35 ,1.7
405,2021 Toyota Avalon Hybrid XLE,3738.0,Used,2021,39476,Sunshine Toyota,1725 ,4.9
406,2017 RAM 3500 Tradesman,60589.0,Used,2017,48951,Gilland Chevrolet GMC,153 ,3.6
407,2021 GMC Canyon Elevation Standard,18997.0,Used,2021,39995,AUTOSOURCE,128 ,4.7
408,2019 Mazda Mazda3 FWD w/Select Package,45319.0,Used,2019,18998,HGreg.com Tampa,238 ,4.8
409,2019 Acura MDX Sport Hybrid 3.0L w/Technology Package,63917.0,Used,2019,35977,Imperial Chevrolet,1734 ,4.7
410,2013 Mercedes-Benz G-Class G 63 AMG,22911.0,Used,2013,83900,Hyundai of Newport,561 ,No names
411,2012 Mercedes-Benz SLK-Class SLK 350,83575.0,Used,2012,20500,Carmel Auto Gallery,40 ,3.9
412,2022 Ford Edge SEL,8724.0,Used,2022,36998,Freedom Nissan,346 ,3.8
413,2019 Kia Stinger GT2,43181.0,Kia Certified,2019,38818,Price Kia,82 ,No names
414,2020 INFINITI QX80 Luxe,61145.0,Used,2020,38990,Hudiburg Chevrolet Buick GMC,1800 ,4.6
415,2018 Ford Expedition Limited,52081.0,Used,2018,47990,Ressler Chevrolet,0 ,No names
416,2017 Ford Mustang EcoBoost,62693.0,Used,2017,19877,Crown Automotive,34 ,5.0
417,2016 Cadillac ATS-V Base,39820.0,Used,2016,42000,VanDevere Buick Kia,668 ,4.8
418,2017 Toyota Avalon Limited,18713.0,Toyota Certified,2017,29960,Durango Motor Company,645 ,4.6
419,2016 Cadillac ATS-V Base,65370.0,Used,2016,37988,Ride N Drive,24 ,4.4
420,2019 Subaru Legacy ,71179.0,Used,2019,26700,Bud Clary Chevrolet,201 ,3.3
421,2022 Toyota RAV4 Hybrid SE,248.0,Used,2022,49788,Beaver Toyota of St. Augustine,3396 ,4.9
422,2018 GMC Yukon XL Denali,45771.0,Used,2018,49995,Brentwood Auto Brokers,84 ,3.5
423,2013 Toyota Tacoma Base,73512.0,Used,2013,25995,Payless Car Sales - Anchorage,173 ,4.0
424,2022 Genesis GV70 2.5T,3952.0,Used,2022,46956,Schomp Honda,1343 ,4.9
425,2021 Toyota Supra 3.0 Premium,21715.0,Used,2021,54908,AutoNation Cadillac Corpus Christi,604 ,4.7
426,2006 Toyota 4Runner SR5,194180.0,Used,2006,8995,Holiday Budget Center,219 ,4.9
427,2022 Audi RS 5 2.9T,2533.0,Used,2022,87888,Glenview Luxury Imports,331 ,4.8
428,2013 MINI Convertible Cooper S,54700.0,Used,2013,15995,A Better Way Wholesale,1350 ,1.8
429,2022 Honda Accord Sport 1.5T,906.0,Used,2022,30995,Toyota of Santa Barbara,0 ,No names
430,2012 Ferrari 458 Spider Base,25456.0,Used,2012,229655,Luxury Auto Collection,33 ,3.1
431,2005 Audi TT 1.8L,31102.0,Used,2005,11990,CarLink Fort Myers,1 review,No names
432,2019 Toyota Camry Hybrid LE,35035.0,Used,2019,26499,Independence Toyota,39 ,4.0
433,2015 Chevrolet Camaro 1LS,51872.0,Used,2015,17998,Husker Auto Group,657 ,3.2
434,2022 GMC Sierra 1500 Limited AT4,15361.0,Used,2022,61995,Perkins Motor Plex,160 ,4.6
435,2016 Mitsubishi Outlander Sport 2.0 ES,16309.0,Used,2016,16994,Russ Darrow Waukesha Mitsubishi,609 ,4.6
436,2020 Chrysler 300 Touring,20495.0,Chrysler Certified,2020,29991,Ilderton Dodge Chrysler Jeep RAM,230 ,4.9
437,2019 Land Rover Range Rover Velar P380 SE R-Dynamic,23623.0,Used,2019,61995,Payless Car Sales - Anchorage,173 ,4.0
438,2010 Lincoln Navigator Base,103106.0,Used,2010,14999,Country Chevrolet,539 ,4.8
439,2022 Volvo XC90 Recharge Plug-In Hybrid T8 R-Design 7 Passenger,13457.0,Volvo Certified,2022,71964,"Jaguar, Land Rover, Volvo Cars of Indianapolis",433 ,4.3
440,2022 Ford Bronco Sport Badlands,6925.0,Used,2022,39500,Heritage Hyundai Towson,3050 ,4.8
441,2015 Mercedes-Benz GL-Class GL 63 AMG,57220.0,Used,2015,38535,Leson Chevrolet,430 ,4.3
442,2016 INFINITI Q70L 5.6X,78352.0,Used,2016,28999,AutoNation Dodge Ram Arapahoe,869 ,4.5
443,2019 Mercedes-Benz AMG CLA 45 Base 4MATIC,23512.0,Used,2019,38510,Power Motors East,86 ,4.0
444,2013 Mercedes-Benz S-Class S 550 4MATIC,76098.0,Used,2013,23995,Mint Auto Sales,189 ,3.0
445,2014 Mercedes-Benz M-Class ML 350 4MATIC,98363.0,Used,2014,18744,Jackie Cooper Imports,3492 ,4.9
446,2010 Chevrolet Express 1500 Work Van,28834.0,Used,2010,25995,J & M Automotive,358 ,2.9
447,2019 Hyundai Elantra GT N Line,36340.0,Used,2019,22975,Freeman Hyundai,1454 ,4.3
448,2020 Audi Q8 55 Premium Plus,7037.0,Used,2020,64999,Checkered Flag Audi - Porsche,569 ,4.9
449,2015 Jaguar XF 3.0 Portfolio,64896.0,Used,2015,20710,RC Automotive,68 ,No names
450,2011 Nissan Armada Platinum,132539.0,Used,2011,13500,Fairway Ford,918 ,4.8
451,2020 RAM ProMaster 1500 Base,54652.0,Used,2020,34945,Bachrodt Baraboo Motors,981 ,4.8
452,2020 BMW 230 i,16335.0,Used,2020,37900,California Beemers Teslers,127 ,2.7
453,2017 Jaguar F-TYPE Base,24915.0,Used,2017,37978,Hanna Imports,2276 ,3.7
454,2008 Ford Explorer Limited,127220.0,Used,2008,8998,Berkeley Ford,181 ,3.7
455,2021 Toyota Highlander XSE,17401.0,Used,2021,41911,Kalispell Toyota,129 ,4.5
456,2020 INFINITI QX60 Pure,47227.0,Used,2020,28995,Brentwood Auto Brokers,84 ,3.5
457,2016 Chevrolet Silverado 2500 LTZ,9959.0,Used,2016,52900,Auto X-Change,23 ,1.4
458,2017 Chevrolet Malibu 1LS,82289.0,Used,2017,14987,AutoNation Ford Panama City,1339 ,4.4
459,2011 GMC Sierra 3500 H/D,61981.0,Used,2011,42490,Cronin Buick GMC of Bowling Green,9 ,4.9
460,2016 Mazda Mazda6 i Grand Touring,85254.0,Used,2016,17475,Car City Wholesale,25 ,4.4
461,2023 Volkswagen Atlas Cross Sport 3.6L V6 SE w/Technology,7522.0,Used,2023,39987,Dan Cummins of Georgetown,90 ,4.6
462,2021 RAM 1500 Longhorn,24460.0,Used,2021,51944,Reliance Chrysler Jeep Dodge Ram,2 ,No names
463,2017 Nissan Versa Note SV,68617.0,Used,2017,12051,I-75 Autos,259 ,4.4
464,2021 Toyota Camry Hybrid SE,20156.0,Used,2021,36269,Forest City Honda,776 ,4.8
465,2022 Ford Bronco Wildtrak,2289.0,Used,2022,79995,Quality Auto Sales,134 ,5.0
466,2013 Lincoln MKX Base,90315.0,Used,2013,17991,City Motor Company,89 ,2.3
467,2020 Dodge Durango GT,61837.0,Used,2020,33487,Lithia Toyota of Springfield,1216 ,4.9
468,2020 Audi Q3 2.0T Premium Plus,11907.0,Used,2020,39900,Audi Middleburg Heights,35 ,No names
469,2022 Land Rover Range Rover P400 SE,3123.0,Used,2022,162998,Century Automotive,15 ,1.6
470,2021 Subaru WRX STI Limited w/Lip,3655.0,Subaru Certified,2021,48498,AutoNation Subaru Hunt Valley,345 ,4.7
471,2018 BMW 320 i xDrive,23789.0,Used,2018,22995,Unlimited Auto Group,35 ,1.7
472,2021 Toyota Avalon Hybrid XLE,3738.0,Used,2021,39476,Sunshine Toyota,1725 ,4.9
473,2022 Jeep Grand Cherokee L Limited,4461.0,Jeep Certified,2022,47990,Desert 215 Superstore,No names,No names
474,2021 GMC Canyon Elevation Standard,18997.0,Used,2021,39995,AUTOSOURCE,128 ,4.7
475,2019 Mazda Mazda3 FWD w/Select Package,45319.0,Used,2019,18998,HGreg.com Tampa,238 ,4.8
476,2019 Acura MDX Sport Hybrid 3.0L w/Technology Package,63917.0,Used,2019,35977,Imperial Chevrolet,1734 ,4.7
477,2013 Mercedes-Benz G-Class G 63 AMG,22911.0,Used,2013,83900,Hyundai of Newport,561 ,No names
478,2012 Mercedes-Benz SLK-Class SLK 350,83575.0,Used,2012,20500,Carmel Auto Gallery,40 ,3.9
479,2022 Ford Edge SEL,8724.0,Used,2022,36998,Freedom Nissan,346 ,3.8
480,2019 Kia Stinger GT2,43181.0,Kia Certified,2019,38818,Price Kia,82 ,No names
481,2021 Lexus IS 300 Base,21127.0,Used,2021,36985,AutoNation Chevrolet North Richland Hills,1037 ,4.6
482,2009 Toyota Sienna LE,61797.0,Used,2009,13900,Century Motors Of South Florida,140 ,3.3
483,2022 GMC HUMMER EV Edition 1,143.0,Used,2022,195915,Kelley Buick GMC of Bartow,464 ,4.3
484,1996 Chevrolet Impala SS,21636.0,Used,1996,33990,Dixie Motors,47 ,4.7
485,2007 Toyota Tundra Base,68689.0,Used,2007,18900,Unlimited Motors Fishers,218 ,4.7
486,2018 Lexus LC 500 Base,37067.0,Used,2018,65616,Mercedes-Benz of Pembroke Pines,1258 ,4.6
487,2017 Mercedes-Benz GLC 300 4MATIC Coupe,67276.0,Used,2017,35880,Mercedes-Benz of Pittsburgh ,76 ,No names
488,2003 Ford Ranger XLT Appearance,138431.0,Used,2003,7495,US 30 Auto Sales,11 ,No names
489,2014 Aston Martin V8 Vantage Base,25275.0,Used,2014,54800,Well Auto,0 ,No names
490,2009 Lamborghini Gallardo LP560-4,16137.0,Used,2009,132303,MAG Midwestern Auto Group,72 ,3.1
491,2016 Nissan NV200 S,123090.0,Used,2016,18425,Good Chevrolet,880 ,3.7
492,2021 Buick Encore GX Preferred,14700.0,Used,2021,25975,"Butler Auto Sales, Inc.",767 ,5.0
493,2020 Toyota 86 GT,15270.0,Used,2020,29000,Arrigo Dodge Chrysler Jeep Ram Margate,2277 ,4.2
494,2008 Ford F-250 XL,87488.0,Used,2008,16980,Chrysler World,568 ,4.9
495,2020 Chevrolet Silverado 3500 LT,51626.0,Used,2020,48900,"J. & K. Mitchell, Inc.",4 ,No names
496,2023 Mazda CX-50 2.5 Turbo,1155.0,Used,2023,42995,AutoNation Honda West Knoxville,2104 ,4.8
497,2003 Mercedes-Benz SL-Class SL500 Roadster,96592.0,Used,2003,9995,Fuelin Fine Auto Sales Inc.,47 ,2.8
498,2020 Ford F-250 XLT,56201.0,Used,2020,48273,All Star Ford,524 ,4.6
499,2000 Ford Excursion XLT,100000.0,Used,2000,7999,Car Village,0 ,No names
500,2019 Audi Q7 45 Premium Plus,38336.0,Used,2019,36996,Kendall Subaru of Eugene,539 ,4.8
501,2022 Jeep Grand Cherokee L Laredo,7727.0,Used,2022,42999,Towbin Dodge RAM,997 ,4.7
502,2020 Mercedes-Benz AMG CLA 35 Base 4MATIC,21486.0,Used,2020,47291,Mercedes-Benz of Houston North,1496 ,4.4
503,2011 Audi R8 5.2 quattro Spyder,33095.0,Used,2011,87808,Sewell BMW MINI of Plano,1068 ,4.6
504,2022 Toyota RAV4 Prime XSE,No names,Used,2022,65495,Mossy Toyota,707 ,2.8
505,2019 INFINITI Q70L 3.7X LUXE,29065.0,Used,2019,30998,HGreg Nissan Kendall,337 ,4.7
506,2023 Jeep Grand Cherokee L Summit,1720.0,Used,2023,73985,Gravity Autos Sandy Springs,326 ,4.6
507,2017 Land Rover Discovery Sport HSE,84286.0,Used,2017,22998,AutoNation Ford Katy,2510 ,4.5
508,2016 Honda Odyssey EX-L,41302.0,Used,2016,26996,Kendall Subaru of Eugene,539 ,4.8
509,2022 BMW M440 Gran Coupe i xDrive,4595.0,Used,2022,63995,Braman BMW Jupiter,629 ,4.7
510,2017 Cadillac Escalade ESV Platinum,58972.0,Used,2017,48995,AW Auto and Truck Wholesalers,19 ,3.6
511,2016 Lincoln MKS Base,105846.0,Used,2016,15530,AutoNation Ford Katy,2510 ,4.5
512,2021 Hyundai Elantra SEL,29996.0,Used,2021,18498,HGreg Nissan Kendall,337 ,4.7
513,2017 Kia Niro Touring,26517.0,Used,2017,25224,Lexus of Sacramento,641 ,4.7
514,2018 Chevrolet Suburban Premier,66153.0,Used,2018,45990,Baum Chevrolet Buick,319 ,No names
515,2020 Audi Q3 45 S line Premium,31467.0,Used,2020,33646,Alfa Romeo of Strongsville,873 ,4.8
516,2006 Dodge Ram 3500 SLT Quad Cab DRW,225032.0,Used,2006,15990,Lithia Chrysler Jeep Dodge Ram FIAT of Tri-Cities,796 ,4.2
517,2016 Lexus GS 350 Base,77801.0,Used,2016,26978,Hanna Imports,2276 ,3.7
518,2021 Audi SQ5 3.0T Premium Plus,6561.0,Used,2021,53991,Audi North Houston,81 ,3.8
519,2019 Audi A3 2.0T Premium,41559.0,Used,2019,26993,Garber Automotive Porsche Audi,381 ,4.7
520,2021 Mitsubishi Outlander Sport 2.0 ES,22071.0,Used,2021,19990,Wyatt Johnson Ford Nashville,516 ,4.1
521,2023 Land Rover Defender 110 X,6605.0,Used,2023,109989,Jaguar Land Rover of Colorado Springs,4 ,No names
522,2020 Chrysler Pacifica Hybrid Touring,35309.0,Used,2020,34990,Kenosha Toyota,4 ,No names
523,2019 Dodge Durango R/T,29630.0,Used,2019,41992,Automaxx of the Carolinas,1913 ,4.2
524,2017 Volkswagen Beetle 1.8T,29012.0,Used,2017,21495,Auto Passion Team,3 ,No names
525,2015 Mercedes-Benz S-Class S 550,69408.0,Used,2015,39977,Mercedes-Benz of San Antonio,1825 ,4.9
526,2010 Honda Ridgeline RTL,118172.0,Used,2010,15995,Honda of Salem,1588 ,4.8
527,2017 GMC Yukon SLE,78037.0,Used,2017,32995,Halladay Buick GMC,714 ,4.9
528,2020 Audi S4 3.0T Premium,14923.0,Used,2020,51950,Hennessy Porsche,1768 ,4.9
529,2020 Lincoln Aviator Reserve AWD,19352.0,Used,2020,58990,Doral Lincoln,924 ,2.9
530,2022 GMC Sierra 3500 Denali,4032.0,Used,2022,87713,Parks Motor Sales Inc,50 ,4.0
531,2013 Mitsubishi Outlander Sport ES,105169.0,Used,2013,7999,Auto Spot LLC,177 ,3.2
532,2022 BMW M4 Competition,11231.0,Used,2022,86789,BMW of Towson,271 ,4.7
533,2019 Mercedes-Benz E-Class E 450,18457.0,Used,2019,60998,Mercedes-Benz of Anaheim,1696 ,4.6
534,2016 INFINITI Q70L 5.6X,78352.0,Used,2016,28999,AutoNation Dodge Ram Arapahoe,869 ,4.5
535,2019 Mercedes-Benz AMG CLA 45 Base 4MATIC,23512.0,Used,2019,38510,Power Motors East,86 ,4.0
536,2013 Mercedes-Benz S-Class S 550 4MATIC,76098.0,Used,2013,23995,Mint Auto Sales,189 ,3.0
537,2014 Mercedes-Benz M-Class ML 350 4MATIC,98363.0,Used,2014,18744,Jackie Cooper Imports,3492 ,4.9
538,2010 Chevrolet Express 1500 Work Van,28834.0,Used,2010,25995,J & M Automotive,358 ,2.9
539,2019 Hyundai Elantra GT N Line,36340.0,Used,2019,22975,Freeman Hyundai,1454 ,4.3
540,2020 Audi Q8 55 Premium Plus,7037.0,Used,2020,64999,Checkered Flag Audi - Porsche,569 ,4.9
541,2015 Jaguar XF 3.0 Portfolio,64896.0,Used,2015,20710,RC Automotive,68 ,No names
542,2022 Acura MDX Technology,42425.0,Used,2022,45998,Tameron Honda,2376 ,4.7
543,2015 Maserati Ghibli Base,81592.0,Used,2015,21900,Ramey Motors,1 review,No names
544,2017 Lexus RC 200t Base,46417.0,Used,2017,33035,Chapman Chevrolet,1491 ,4.1
545,2011 Nissan Armada Platinum,132539.0,Used,2011,13500,Fairway Ford,918 ,4.8
546,2003 BMW M3 M3,71359.0,Used,2003,26995,The Autobarn Volkswagen of Countryside,1153 ,4.8
547,2020 RAM ProMaster 1500 Base,54652.0,Used,2020,34945,Bachrodt Baraboo Motors,981 ,4.8
548,2020 BMW 230 i,16335.0,Used,2020,37900,California Beemers Teslers,127 ,2.7
549,2017 Jaguar F-TYPE Base,24915.0,Used,2017,37978,Hanna Imports,2276 ,3.7
550,2008 Ford Explorer Limited,127220.0,Used,2008,8998,Berkeley Ford,181 ,3.7
551,2021 Toyota Highlander XSE,17401.0,Used,2021,41911,Kalispell Toyota,129 ,4.5
552,2014 Hyundai Genesis Coupe 2.0T Premium,70066.0,Used,2014,17922,Rocky Mountain Auto Brokers Inc.,1761 ,4.6
553,2012 Honda Odyssey LX,144619.0,Used,2012,10977,Lithia Honda in Medford,1416 ,4.6
554,2015 Lexus RC F Base,46495.0,Used,2015,44991,Lexus of Sacramento,641 ,4.7
555,2014 Mercedes-Benz GLK-Class GLK 350 4MATIC,81275.0,Used,2014,18995,Mercedes-Benz of Columbia,928 ,5.0
556,2023 Ford Transit-250 Base,220.0,Used,2023,67981,Excellence Auto Direct,306 ,3.1
557,2020 Land Rover Discovery Landmark Edition,22511.0,Used,2020,54997,Land Rover Jaguar San Diego,181 ,4.2
558,2018 Lincoln MKX Select,74788.0,Used,2018,21500,Auto Boutique Texas,347 ,4.7
559,2021 Nissan Kicks SV,17815.0,Used,2021,24900,Thomasville Chrysler Dodge Jeep Ram,3 ,No names
560,2021 Nissan Armada Platinum,20298.0,Used,2021,55990,Lithia Nissan Of Eugene,467 ,4.0
561,2016 Ford Transit-150 Base,51161.0,Used,2016,34880,Legend Auto Sales Inc,1512 ,4.8
562,2018 Lexus LS 500 Base,19248.0,Used,2018,47998,HGreg.com Orlando,3018 ,4.8
563,2011 Cadillac DTS Premium,57376.0,Used,2011,15995,Alpine Motors Certified Preowned,41 ,4.9
564,2017 Subaru Impreza 2.0i Sport,43313.0,Used,2017,21977,Briggs Subaru of Topeka,81 ,4.0
565,2017 Audi A3 e-tron 1.4T Premium,50822.0,Used,2017,25999,Steven Nissan,150 ,4.6
566,2021 Dodge Challenger R/T,33381.0,Dodge Certified,2021,37331,Woody's Dodge Jeep Chrysler RAM,1820 ,4.6
567,2020 Lexus RX 350 Base,34736.0,Used,2020,44279,Crown Buick GMC,1217 ,4.9
568,2023 Volkswagen Atlas Cross Sport 3.6L V6 SE w/Technology,7522.0,Used,2023,39987,Dan Cummins of Georgetown,90 ,4.6
569,2017 Dodge Journey GT,97665.0,Used,2017,16800,Marina Chrysler Dodge Jeep Mitsubishi RAM,60 ,3.7
570,2003 Chevrolet Express 1500 Upfitter Cargo,99177.0,Used,2003,16444,Bob Poynter GM,88 ,3.1
571,2020 Honda CR-V EX,28690.0,Honda Certified,2020,30402,Bend Honda,720 ,4.8
572,2020 Lexus RC F Base,23214.0,Used,2020,65741,Durango Motor Company,645 ,4.6
573,2018 Buick Regal TourX Essence,31646.0,Used,2018,27990,Twin Falls Chevrolet,46 ,2.7
574,2016 Cadillac Escalade Premium,39000.0,Used,2016,47218,Earl Stewart Toyota,2020 ,4.8
575,2010 INFINITI EX35 Journey,91436.0,Used,2010,10777,Auto Merchants Inc.,147 ,4.0
576,2020 Ford Expedition XLT,22382.0,Ford Certified,2020,50995,Phil Long Ford of Chapel Hills,525 ,3.5
577,2021 BMW M440 i xDrive,35875.0,Used,2021,52039,Volkswagen of Gainesville,940 ,4.7
578,2022 Nissan Frontier SV,2757.0,Used,2022,37899,Corwin Ford Reno,380 ,4.6
579,2008 Toyota 4Runner Sport,94976.0,Used,2008,17494,Tameron Gulf Coast,338 ,4.3
580,2016 Subaru WRX STI Base,117913.0,Used,2016,25172,Checkered Flag Chrysler Dodge Jeep Ram of Newport News,1259 ,4.7
581,2020 BMW M550 i xDrive,45563.0,BMW Certified,2020,59995,Sewickley BMW,266 ,4.6
582,2017 Mercedes-Benz AMG E 43 Base 4MATIC,27156.0,Used,2017,49990,Bob Brady Buick GMC,156 ,4.9
583,2014 Dodge Challenger R/T,78991.0,Used,2014,21221,Durango Motor Company,645 ,4.6
584,2022 Hyundai Venue SEL,7048.0,Used,2022,23991,Rowe Ford Lincoln Hyundai,1457 ,4.6
585,2005 Audi TT 1.8L,31102.0,Used,2005,11990,CarLink Fort Myers,1 review,No names
586,2019 Toyota Camry Hybrid LE,35035.0,Used,2019,26499,Independence Toyota,39 ,4.0
587,1929 Ford Model A ,67320.0,Used,1929,18500,Exit5 Auto Group,118 ,4.0
588,2018 Nissan Titan XD PRO-4X,49149.0,Used,2018,43950,BMW of Idaho Falls,48 ,5.0
589,2015 Chevrolet Camaro 1LS,51872.0,Used,2015,17998,Husker Auto Group,657 ,3.2
590,2019 Nissan Murano Platinum,25701.0,Used,2019,33997,Lexus of Madison,235 ,4.7
591,2020 INFINITI Q50 3.0t SPORT,17117.0,Used,2020,36988,Stevenson-Hendrick Honda Wilmington,1619 ,4.9
592,2021 Lincoln Navigator Reserve,16811.0,Used,2021,84900,Green Country Ford,14 ,No names
593,2020 Land Rover Discovery HSE LUXURY,42757.0,Used,2020,59822,Alfa Romeo of Strongsville,873 ,4.8
594,2016 Jaguar XJ XJL Portfolio,34000.0,Used,2016,38997,Fred's Executive Auto,416 ,4.4
595,2014 Toyota Corolla LE Premium,31753.0,Used,2014,18998,CarMax Oxnard - Now offering Curbside Pickup and Home Delivery,12 ,No names
596,2019 Genesis G70 3.3T Advanced,6739.0,Used,2019,34699,Toyota of Vero Beach,533 ,4.1
597,2018 BMW M760 i xDrive,31804.0,BMW Certified,2018,73962,Arrowhead BMW,83 ,2.1
598,2021 Hyundai Elantra HEV Limited,13658.0,Used,2021,28399,Shottenkirk Hyundai,18 ,3.4
599,2022 Genesis GV70 3.5T Sport,4591.0,Used,2022,59780,Bergstrom Imports on Victory Lane,397 ,3.7
600,2022 Audi A6 55 Prestige,7128.0,Used,2022,66988,Ride N Drive,24 ,4.4
601,2019 Honda Civic Type R Touring,36074.0,Used,2019,36694,McGee Motor Cars,377 ,4.3
602,2012 Ford Taurus SEL,144411.0,Used,2012,11011,C & M Chrysler Dodge Jeep Ram,No names,No names
603,2021 Mercedes-Benz AMG GLC 43 Base 4MATIC,18192.0,Used,2021,57990,Riverhead Hyundai & Riverhead Nissan,1924 ,4.6
604,2020 Land Rover Defender 110,6762.0,Used,2020,67087,Jaguar Land Rover Boerne,2 ,No names
605,2015 INFINITI Q70 3.7X,64545.0,Used,2015,22500,Liberty Ford Maple Heights,400 ,4.3
606,2011 Jaguar XK Base,60000.0,Used,2011,22999,Posh Motors,0 ,No names
607,2022 Mercedes-Benz GLE 350 Base 4MATIC,2639.0,Used,2022,64992,Mercedes-Benz of Augusta,245 ,4.6
608,2016 Toyota Tundra SR,124762.0,Used,2016,26449,Toyota of Bowling Green,276 ,No names
609,2017 Toyota Land Cruiser V8,68125.0,Used,2017,63495,BMW of Idaho Falls,48 ,5.0
610,2016 Subaru WRX STI Base,117913.0,Used,2016,25172,Checkered Flag Chrysler Dodge Jeep Ram of Newport News,1259 ,4.7
611,2020 BMW M550 i xDrive,45563.0,BMW Certified,2020,59995,Sewickley BMW,266 ,4.6
612,2017 Mercedes-Benz AMG E 43 Base 4MATIC,27156.0,Used,2017,49990,Bob Brady Buick GMC,156 ,4.9
613,2020 Volkswagen Arteon 2.0T SEL,59228.0,Used,2020,29995,Ritchey Automotive,42 ,3.6
614,2021 Ford Ranger XLT,11975.0,Used,2021,39500,Bayird Dodge Chrysler Jeep Ram,0 ,No names
615,2020 BMW M2 Competition,15005.0,Used,2020,62999,Furrst Class Cars,41 ,2.4
616,2018 GMC Sierra 2500 SLT,49333.0,Used,2018,49855,R & B Car Company South Bend,94 ,No names
617,2019 Lexus UX 250h F Sport,53836.0,Used,2019,35334,Shingle Springs Subaru,236 ,4.3
618,2014 Dodge Challenger R/T,78991.0,Used,2014,21221,Durango Motor Company,645 ,4.6
619,2022 Hyundai Venue SEL,7048.0,Used,2022,23991,Rowe Ford Lincoln Hyundai,1457 ,4.6
620,2019 Genesis G70 3.3T Advanced,30404.0,Used,2019,33588,Schumacher Chrysler Dodge Jeep Ram of Delray,1277 ,4.7
621,2020 BMW M340 i,30938.0,Used,2020,45226,Tansky Sawmill Toyota,890 ,4.8
622,2021 Ford Expedition Limited,35893.0,Ford Certified,2021,63387,Bell Ford,420 ,4.3
623,2018 Lexus RX 450h 450H,36735.0,Used,2018,44690,Hennessy Lexus Gwinnett,975 ,4.5
624,2020 Audi A6 55 Premium Plus,19924.0,Used,2020,42842,Muller Honda of Gurnee,525 ,4.9
625,2017 Mercedes-Benz GLS 550 Base 4MATIC,63810.0,Used,2017,52995,"Cars Of Tampa, Inc",25 ,3.8
626,2018 Audi A6 2.0T Premium,50687.0,Used,2018,28280,Audi Melbourne,15 ,5.0
627,2007 Saturn Aura XR,83870.0,Used,2007,6875,Toyota of Warren,504 ,4.8
628,2017 Mercedes-Benz GLS 450 Base 4MATIC,75696.0,Used,2017,31998,HGreg.com Orlando,3018 ,4.8
629,2018 Karma Revero Base,7602.0,Used,2018,56994,DCH Montclair Acura,2504 ,4.9
630,2004 Toyota Tundra SR5,117376.0,Used,2004,12250,Reliance Chrysler Jeep Dodge Ram,2 ,No names
631,2017 Mercedes-Benz GLS 550 Base 4MATIC,63810.0,Used,2017,52995,"Cars Of Tampa, Inc",25 ,3.8
632,2018 Audi A6 2.0T Premium,50687.0,Used,2018,28280,Audi Melbourne,15 ,5.0
633,2020 Lexus UX 200 Base,20786.0,Used,2020,33132,Landers Toyota,2322 ,4.2
634,2021 BMW X4 xDrive30i,37157.0,Used,2021,46955,Grayson BMW,326 ,4.3
635,2019 Lexus GX 460 Base,50949.0,Used,2019,34999,Axis Motorcars,1058 ,4.4
636,2020 Ford Transit Connect Titanium,18985.0,Used,2020,29994,Toyota of Santa Fe,1272 ,4.9
637,2020 Volkswagen Arteon 2.0T SEL Premium R-Line,20715.0,Used,2020,34995,"Laura Automotive of Sullivan, LLC",196 ,3.4
638,2019 BMW Z4 sDrive30i,14113.0,Used,2019,43995,Fox Chrysler Dodge Jeep RAM,551 ,4.8
639,2019 Volkswagen Tiguan 2.0T SEL,43556.0,Used,2019,27000,Lithia Toyota of Abilene,380 ,No names
640,2008 INFINITI G35x Base,120940.0,Used,2008,8995,Main Street Motors,289 ,4.7
641,2017 GMC Yukon XL Denali,112617.0,Used,2017,34890,Automaxx of the Carolinas,1913 ,4.2
642,2021 BMW M340 i xDrive,18880.0,Used,2021,54950,Rusty Drewing Chevrolet Buick GMC,84 ,4.7
643,2022 Mercedes-Benz AMG GLC 43 Base 4MATIC,5923.0,Used,2022,68977,Mercedes-Benz of Westmont,912 ,4.6
644,2016 GMC Yukon XL SLT,114257.0,Used,2016,30999,Superior Mazda of Bentonville,56 ,3.6
645,2022 Lexus RX 350 Base,1161.0,Used,2022,47988,Kendall Honda,415 ,4.7
646,2017 Ford Explorer Limited,63761.0,Used,2017,25712,Luxury & Imports Hutchinson,390 ,4.7
647,2018 Lincoln MKC Reserve,24432.0,Used,2018,29995,Rusty Wallace Kia,5269 ,4.7
648,2022 Toyota Prius L,15512.0,Used,2022,32913,Reynolds Subaru,19 ,No names
649,2019 Audi RS 5 2.9T,12364.0,Used,2019,68050,Rev It Motors,5 ,No names
650,2018 Volvo XC60 T6 Inscription,74240.0,Used,2018,32499,Willis Automotive,1929 ,4.7
651,2018 Ford Expedition Max Limited,119359.0,Used,2018,29995,Crown Buick GMC,1217 ,4.9
652,2018 Alfa Romeo Stelvio Ti,39943.0,Used,2018,29994,Modern Classic Motors,351 ,4.0
653,2022 Acura ILX Premium & A-SPEC Packages,6494.0,Acura Certified,2022,29798,Phil Smith Acura,1349 ,4.8
654,2014 BMW 550 i,54123.0,Used,2014,29900,Lux Motors,307 ,5.0
655,2020 BMW M2 Competition,38953.0,Used,2020,47998,HGreg.com West Palm Beach,40 ,3.2
656,2021 Subaru Crosstrek Sport,26639.0,Used,2021,31995,Bleskin Motors,42 ,No names
657,2021 Chevrolet Traverse LT Cloth,10529.0,Used,2021,38999,i.g. Burton Milford CDJRF Chevrolet,36 ,4.4
658,2018 RAM 2500 Laramie,120980.0,Used,2018,44605,Victory Chevrolet of Savannah,34 ,3.5
659,2010 Honda Ridgeline RTL,118172.0,Used,2010,15995,Honda of Salem,1588 ,4.8
660,2017 GMC Yukon SLE,78037.0,Used,2017,32995,Halladay Buick GMC,714 ,4.9
661,2020 Audi S4 3.0T Premium,14923.0,Used,2020,51950,Hennessy Porsche,1768 ,4.9
662,2020 Lincoln Aviator Reserve AWD,19352.0,Used,2020,58990,Doral Lincoln,924 ,2.9
663,2022 GMC Sierra 3500 Denali,4032.0,Used,2022,87713,Parks Motor Sales Inc,50 ,4.0
664,2013 Mitsubishi Outlander Sport ES,105169.0,Used,2013,7999,Auto Spot LLC,177 ,3.2
665,2022 BMW M4 Competition,11231.0,Used,2022,86789,BMW of Towson,271 ,4.7
666,2019 Mercedes-Benz E-Class E 450,18457.0,Used,2019,60998,Mercedes-Benz of Anaheim,1696 ,4.6
667,2022 Jeep Grand Cherokee L Limited,11943.0,Used,2022,43950,Sheehy Ford Lincoln of Richmond,1933 ,4.8
668,2018 Lincoln MKZ Hybrid Reserve,68206.0,Used,2018,23990,Driveway Chrysler Dodge Jeep Ram of Portland,479 ,3.6
669,2017 Ford Mustang EcoBoost,62693.0,Used,2017,19877,Crown Automotive,34 ,5.0
670,2016 Cadillac ATS-V Base,39820.0,Used,2016,42000,VanDevere Buick Kia,668 ,4.8
671,2017 Toyota Avalon Limited,18713.0,Toyota Certified,2017,29960,Durango Motor Company,645 ,4.6
672,2021 Ford Expedition Limited,6243.0,Used,2021,55500,Leson Chevrolet,430 ,4.3
673,2022 Kia Carnival SX Prestige,19812.0,Used,2022,50600,Napleton Kia of Fishers,520 ,4.2
674,2020 Mercedes-Benz AMG E 53 Base 4MATIC,16868.0,Used,2020,64988,Mercedes-Benz of Walnut Creek,934 ,4.7
675,2022 Lexus LS 500 Base,4302.0,Used,2022,78000,Mercedes-Benz of Albuquerque,1726 ,4.7
676,2014 GMC Savana 1500 Upfitter Cargo,36027.0,Used,2014,38999,Select Motors,49 ,4.0
677,2021 Acura TLX A-Spec,24857.0,Used,2021,42699,STG Auto Group - Garden Grove,232 ,4.3
678,2021 BMW 330e 330e,18154.0,Used,2021,39500,Arrigo Dodge Chrysler Jeep Ram Sawgrass,5915 ,4.9
679,2019 Nissan Titan XD Platinum Reserve,65518.0,Used,2019,43995,JKB Auto Sales (Harrisonville),447 ,3.0
680,2019 Lexus GS 350 F Sport,33935.0,Used,2019,36995,Courtesy Nissan,900 ,4.3
681,2021 BMW X4 xDrive30i,37157.0,Used,2021,46955,Grayson BMW,326 ,4.3
682,2019 Lexus GX 460 Base,50949.0,Used,2019,34999,Axis Motorcars,1058 ,4.4
683,2020 Ford Transit Connect Titanium,18985.0,Used,2020,29994,Toyota of Santa Fe,1272 ,4.9
684,2018 Acura RDX Advance Package,44650.0,Used,2018,29993,Bozard Ford Lincoln,7712 ,4.9
685,2020 Audi A7 3.0T Premium Plus,20988.0,Used,2020,57998,MINI of Las Vegas,558 ,4.8
686,2021 Chevrolet Traverse LT Cloth,10529.0,Used,2021,38999,i.g. Burton Milford CDJRF Chevrolet,36 ,4.4
687,2021 Land Rover Defender 90 X,3640.0,Used,2021,82100,Genesis of Stevens Creek,0 ,No names
688,2020 Lexus RC F Base,23214.0,Used,2020,65741,Durango Motor Company,645 ,4.6
689,2020 Audi SQ7 4.0T Premium Plus,13837.0,Used,2020,93950,Park Place LTD,30 ,2.7
690,2022 Kia Telluride SX,6013.0,Used,2022,51991,Ancira Kia,864 ,4.9
691,2018 Chevrolet Suburban Premier,66153.0,Used,2018,45990,Baum Chevrolet Buick,319 ,No names
692,2022 Porsche 718 Spyder Base,210.0,Used,2022,141991,Ferrari of Naples,6 ,3.8
693,2020 Chevrolet Silverado 1500 LT,43292.0,Used,2020,36944,Reliance Chrysler Jeep Dodge Ram,2 ,No names
694,2021 Mercedes-Benz AMG GLE 53 Base,22633.0,Used,2021,89999,Nissan of Lagrange,86 ,2.0
695,2022 BMW X4 M AWD,4828.0,BMW Certified,2022,82522,BMW of Kansas City South,173 ,4.9
696,2022 Acura MDX Technology,42425.0,Used,2022,45998,Tameron Honda,2376 ,4.7
697,2015 Maserati Ghibli Base,81592.0,Used,2015,21900,Ramey Motors,1 review,No names
698,2017 Lexus RC 200t Base,46417.0,Used,2017,33035,Chapman Chevrolet,1491 ,4.1
699,2011 Nissan Armada Platinum,132539.0,Used,2011,13500,Fairway Ford,918 ,4.8
700,2020 RAM ProMaster 1500 Base,54652.0,Used,2020,34945,Bachrodt Baraboo Motors,981 ,4.8
701,2020 BMW 230 i,16335.0,Used,2020,37900,California Beemers Teslers,127 ,2.7
702,2017 Jaguar F-TYPE Base,24915.0,Used,2017,37978,Hanna Imports,2276 ,3.7
703,2008 Ford Explorer Limited,127220.0,Used,2008,8998,Berkeley Ford,181 ,3.7
704,2021 Toyota Highlander XSE,17401.0,Used,2021,41911,Kalispell Toyota,129 ,4.5
705,2021 Land Rover Discovery Sport SE R-Dynamic,17415.0,Used,2021,45900,Land Rover Oklahoma City,174 ,3.9
706,2018 Volkswagen Tiguan Limited 2.0T,56504.0,Used,2018,17774,Alexander Ford,25 ,No names
707,2022 BMW X3 M AWD,4986.0,Used,2022,74832,Marysville Toyota,667 ,4.9
708,2013 Volkswagen Golf 2.5L,99336.0,Used,2013,7997,Lumin Auto Group,13 ,2.8
709,2021 Mazda CX-30 Select,39990.0,Used,2021,23482,Central Toyota,52 ,No names
710,2020 Volkswagen Passat 2.0T R-Line,27000.0,Used,2020,26872,AutoNation Volkswagen Hilton Head,355 ,4.6
711,2018 INFINITI QX30 Luxury,80216.0,Used,2018,16996,Bob Rohrman Kia,836 ,4.5
712,2019 Toyota Highlander LE,54800.0,Used,2019,30964,Orr Nissan of Fort Smith,890 ,4.5
713,2013 Chevrolet Express 2500 LS,59522.0,Used,2013,26497,Hayward Mitsubishi,21 ,2.9
714,2022 Mazda CX-30 2.5 S Preferred Package,6710.0,Used,2022,30782,Compass Mazda,207 ,No names
715,2009 Mercedes-Benz GL-Class GL 550 4MATIC,42383.0,Used,2009,18999,Green Light Auto Sales,63 ,2.6
716,2019 Volvo XC90 T6 Momentum,46825.0,Used,2019,40488,Blaise Alexander Chrysler Dodge Jeep Ram of Lewisburg,57 ,5.0
717,2004 Dodge Ram 3500 SLT,196856.0,Used,2004,22991,Daytona Motor Company,1 review,No names
718,2020 Nissan NV Cargo NV2500 HD SV V6/SV V8,44699.0,Used,2020,36999,CarVision Mitsubishi,3751 ,4.8
719,2012 RAM 3500 Laramie,111446.0,Used,2012,47995,Trust Auto,385 ,3.9
720,2017 Ford Expedition Limited,60405.0,Used,2017,31995,Patriot Chrysler Dodge Jeep RAM,955 ,4.6
721,2016 Lexus GS F Base,47238.0,Used,2016,52000,Certified Benz & Beemer,11750 ,4.9
722,2016 Nissan Murano Platinum,41783.0,Used,2016,20562,BMW of San Antonio,959 ,4.1
723,2022 Genesis GV70 3.5T Sport,2812.0,Used,2022,59990,Porsche Austin,150 ,3.5
724,2018 Lexus RX 350L Premium,32203.0,Used,2018,37000,Volkswagen of Gainesville,940 ,4.7
725,2018 Toyota Camry Hybrid XLE,59765.0,Toyota Certified,2018,26875,Klamath Falls Toyota,343 ,4.7
726,2016 Mercedes-Benz GLC-Class GLC 300,111568.0,Used,2016,21295,Jaguar Columbia,No names,No names
727,2019 Porsche Panamera E-Hybrid 4,56046.0,Used,2019,71990,"Discovery Auto Center, LLC",80 ,2.8
728,2022 Nissan Altima 2.5 S,14317.0,Used,2022,22691,Central Chevrolet Cadillac,24 ,3.1
729,2022 Rivian R1S Launch Edition,926.0,Used,2022,138888,Platinum Autohaus,304 ,5.0
730,2017 BMW 540 i xDrive,72059.0,Used,2017,29400,Awesome Autos & Trucks,1 review,No names
731,2016 Cadillac SRX Performance Collection,85866.0,Used,2016,17995,Best Buy Auto Sales,50 ,2.4
732,2015 Porsche Macan S,118471.0,Used,2015,24900,Brightway Auto Sales,39 ,3.3
733,2014 Buick Regal Turbo Premium I,51564.0,Used,2014,16998,CarMax West Broad - Now offering Curbside Pickup and Home Delivery,16 ,No names
734,2017 Mercedes-Benz AMG C 63 S,29515.0,Used,2017,47988,Boch Chevrolet,609 ,2.9
735,2021 Toyota Tacoma ,36882.0,Used,2021,38195,DOUGLASS NISSAN OF WACO,270 ,4.9
736,2021 Volkswagen Arteon 2.0T SEL R-Line,10688.0,Used,2021,36180,Boch Toyota South,2328 ,4.4
737,2022 Jeep Grand Cherokee WK Laredo,8352.0,Used,2022,42995,Shults Nissan Subaru,43 ,4.3
738,2020 Chevrolet Bolt EV LT,10049.0,Used,2020,33990,Capital Chevrolet of Shallotte,No names,No names
739,2021 Lincoln Navigator Reserve,34331.0,Used,2021,76615,Woody's Dodge Jeep Chrysler RAM,1820 ,4.6
740,2021 Alfa Romeo Giulia Ti,6814.0,Used,2021,36300,Feldman Chrysler Dodge Jeep Ram of Clarkston,506 ,4.8
741,2017 Mercedes-Benz AMG CLA 45 Base 4MATIC,45576.0,Used,2017,34876,CAR LUX,108 ,3.4
742,2019 Audi A4 2.0T Premium Plus,60294.0,Used,2019,26995,Baha Auto Group Inc.,28 ,No names
743,2018 RAM 2500 Laramie,120980.0,Used,2018,44605,Victory Chevrolet of Savannah,34 ,3.5
744,2010 Honda Ridgeline RTL,118172.0,Used,2010,15995,Honda of Salem,1588 ,4.8
745,2017 GMC Yukon SLE,78037.0,Used,2017,32995,Halladay Buick GMC,714 ,4.9
746,2020 Audi S4 3.0T Premium,14923.0,Used,2020,51950,Hennessy Porsche,1768 ,4.9
747,2020 Lincoln Aviator Reserve AWD,19352.0,Used,2020,58990,Doral Lincoln,924 ,2.9
748,2022 GMC Sierra 3500 Denali,4032.0,Used,2022,87713,Parks Motor Sales Inc,50 ,4.0
749,2013 Mitsubishi Outlander Sport ES,105169.0,Used,2013,7999,Auto Spot LLC,177 ,3.2
750,2022 BMW M4 Competition,11231.0,Used,2022,86789,BMW of Towson,271 ,4.7
751,2019 Mercedes-Benz E-Class E 450,18457.0,Used,2019,60998,Mercedes-Benz of Anaheim,1696 ,4.6
752,2022 Jeep Grand Cherokee L Limited,11943.0,Used,2022,43950,Sheehy Ford Lincoln of Richmond,1933 ,4.8
753,2018 Lincoln MKZ Hybrid Reserve,68206.0,Used,2018,23990,Driveway Chrysler Dodge Jeep Ram of Portland,479 ,3.6
754,2017 Ford Mustang EcoBoost,62693.0,Used,2017,19877,Crown Automotive,34 ,5.0
755,2016 Cadillac ATS-V Base,39820.0,Used,2016,42000,VanDevere Buick Kia,668 ,4.8
756,2019 Volkswagen Passat 2.0T SE R-Line,59173.0,Used,2019,21684,Rusty Wallis Volkswagen,696 ,4.8
757,2017 Toyota Avalon Limited,18713.0,Toyota Certified,2017,29960,Durango Motor Company,645 ,4.6
758,2016 Cadillac ATS-V Base,65370.0,Used,2016,37988,Ride N Drive,24 ,4.4
759,2022 Toyota RAV4 Hybrid SE,248.0,Used,2022,49788,Beaver Toyota of St. Augustine,3396 ,4.9
760,2013 Toyota Tacoma Base,73512.0,Used,2013,25995,Payless Car Sales - Anchorage,173 ,4.0
761,2022 Genesis GV70 2.5T,3952.0,Used,2022,46956,Schomp Honda,1343 ,4.9
762,2021 Toyota Supra 3.0 Premium,21715.0,Used,2021,54908,AutoNation Cadillac Corpus Christi,604 ,4.7
763,2006 Toyota 4Runner SR5,194180.0,Used,2006,8995,Holiday Budget Center,219 ,4.9
764,2022 Audi RS 5 2.9T,2533.0,Used,2022,87888,Glenview Luxury Imports,331 ,4.8
765,2013 MINI Convertible Cooper S,54700.0,Used,2013,15995,A Better Way Wholesale,1350 ,1.8
766,2022 Honda Accord Sport 1.5T,906.0,Used,2022,30995,Toyota of Santa Barbara,0 ,No names
767,2012 Ferrari 458 Spider Base,25456.0,Used,2012,229655,Luxury Auto Collection,33 ,3.1
768,2005 Audi TT 1.8L,31102.0,Used,2005,11990,CarLink Fort Myers,1 review,No names
769,2019 Toyota Camry Hybrid LE,35035.0,Used,2019,26499,Independence Toyota,39 ,4.0
770,2015 Chevrolet Camaro 1LS,51872.0,Used,2015,17998,Husker Auto Group,657 ,3.2
771,2022 GMC Sierra 1500 Limited AT4,15361.0,Used,2022,61995,Perkins Motor Plex,160 ,4.6
772,2016 Mitsubishi Outlander Sport 2.0 ES,16309.0,Used,2016,16994,Russ Darrow Waukesha Mitsubishi,609 ,4.6
773,2020 Chrysler 300 Touring,20495.0,Chrysler Certified,2020,29991,Ilderton Dodge Chrysler Jeep RAM,230 ,4.9
774,2019 Land Rover Range Rover Velar P380 SE R-Dynamic,23623.0,Used,2019,61995,Payless Car Sales - Anchorage,173 ,4.0
775,2019 Acura MDX 3.5L w/Technology Package,32064.0,Used,2019,34989,Genesis of Stevens Creek,0 ,No names
776,2018 Cadillac ATS 2.0L Turbo Luxury,21841.0,Used,2018,24900,Axis Motorcars,1058 ,4.4
777,2022 GMC Sierra 1500 Limited Elevation,14789.0,Used,2022,50244,Reliance Chrysler Jeep Dodge Ram,2 ,No names
778,2012 Dodge Charger SXT,111216.0,Used,2012,13977,Westgate Chevrolet,6 ,No names
779,2015 Honda Civic EX,84877.0,Used,2015,16000,Underriner Honda,45 ,4.0
780,2020 Lincoln Navigator Black Label,14436.0,Used,2020,85995,Pines Ford Lincoln,2453 ,4.5
781,2020 Lincoln Navigator Reserve,50377.0,Used,2020,63988,"Bob Grimm Chevrolet, Inc.",367 ,4.9
782,2022 BMW 228 Gran Coupe 228i sDrive Gran Coupe,1842.0,Used,2022,40245,BMW of The Woodlands,1349 ,4.4
783,2018 Porsche Macan Base,64048.0,Used,2018,30949,Corwin Toyota Colorado Springs,2287 ,4.6
784,2021 GMC Acadia SLE,4118.0,Used,2021,35887,Ron Tonkin Chevrolet,342 ,4.4
785,2019 Lexus GX 460 Base,26879.0,Used,2019,41000,Lexus of Freeport,0 ,No names
786,2018 GMC Yukon XL Denali,45771.0,Used,2018,49995,Brentwood Auto Brokers,84 ,3.5
787,1929 Ford Model A ,67320.0,Used,1929,18500,Exit5 Auto Group,118 ,4.0
788,2015 Chevrolet Camaro 1LS,51872.0,Used,2015,17998,Husker Auto Group,657 ,3.2
789,2022 GMC Sierra 1500 Limited AT4,15361.0,Used,2022,61995,Perkins Motor Plex,160 ,4.6
790,2016 Mitsubishi Outlander Sport 2.0 ES,16309.0,Used,2016,16994,Russ Darrow Waukesha Mitsubishi,609 ,4.6
791,2020 Chrysler 300 Touring,20495.0,Chrysler Certified,2020,29991,Ilderton Dodge Chrysler Jeep RAM,230 ,4.9
792,2019 Land Rover Range Rover Velar P380 SE R-Dynamic,23623.0,Used,2019,61995,Payless Car Sales - Anchorage,173 ,4.0
793,2010 Lincoln Navigator Base,103106.0,Used,2010,14999,Country Chevrolet,539 ,4.8
794,2022 Volvo XC90 Recharge Plug-In Hybrid T8 R-Design 7 Passenger,13457.0,Volvo Certified,2022,71964,"Jaguar, Land Rover, Volvo Cars of Indianapolis",433 ,4.3
795,2022 Ford Bronco Sport Badlands,6925.0,Used,2022,39500,Heritage Hyundai Towson,3050 ,4.8
796,2015 Mercedes-Benz S-Class S 63 AMG,65169.0,Used,2015,55990,Bourne's Auto Center,4533 ,4.9
797,2021 Ford Expedition XLT,24425.0,Used,2021,55799,Daniels Long Chevrolet,753 ,3.5
798,2016 GMC Yukon XL SLT,115670.0,Used,2016,34999,Speck Chrysler Dodge Jeep Ram,18 ,No names
799,2020 Acura RDX Technology Package,23871.0,Used,2020,33999,Auffenberg Auto Mall,380 ,4.5
800,2020 Jeep Gladiator Rubicon,27165.0,Used,2020,47812,Bob Allen Motor Mall,616 ,4.9
801,2022 Toyota Corolla SE Nightshade,12563.0,Used,2022,26198,Lou Fusz Toyota,3343 ,4.9
802,2021 BMW M850 Gran Coupe i xDrive,20771.0,Used,2021,84999,BMW of Las Vegas,1784 ,4.7
803,2018 RAM 2500 Laramie,120980.0,Used,2018,44605,Victory Chevrolet of Savannah,34 ,3.5
804,2010 Honda Ridgeline RTL,118172.0,Used,2010,15995,Honda of Salem,1588 ,4.8
805,2017 GMC Yukon SLE,78037.0,Used,2017,32995,Halladay Buick GMC,714 ,4.9
806,2020 Audi S4 3.0T Premium,14923.0,Used,2020,51950,Hennessy Porsche,1768 ,4.9
807,2020 Lincoln Aviator Reserve AWD,19352.0,Used,2020,58990,Doral Lincoln,924 ,2.9
808,2022 GMC Sierra 3500 Denali,4032.0,Used,2022,87713,Parks Motor Sales Inc,50 ,4.0
809,2013 Mitsubishi Outlander Sport ES,105169.0,Used,2013,7999,Auto Spot LLC,177 ,3.2
810,2022 BMW M4 Competition,11231.0,Used,2022,86789,BMW of Towson,271 ,4.7
811,2019 Mercedes-Benz E-Class E 450,18457.0,Used,2019,60998,Mercedes-Benz of Anaheim,1696 ,4.6
812,2022 Jeep Grand Cherokee L Limited,11943.0,Used,2022,43950,Sheehy Ford Lincoln of Richmond,1933 ,4.8
813,2018 Lincoln MKZ Hybrid Reserve,68206.0,Used,2018,23990,Driveway Chrysler Dodge Jeep Ram of Portland,479 ,3.6
814,2019 Mercedes-Benz GLS 450 Base 4MATIC,26153.0,Used,2019,53963,Carousel Audi Mercedes-Benz Volkswagen,377 ,4.8
815,2012 Chevrolet Express 1500 Work Van,50410.0,Used,2012,39999,Cincinnati Automotive Group Inc,77 ,2.0
816,2019 Mercedes-Benz GLA 250 Base 4MATIC,44992.0,Used,2019,26990,Volkswagen of Salem,269 ,4.2
817,2019 McLaren 600LT Base,5096.0,Used,2019,249998,Carrio Motor Cars,65 ,2.2
818,2015 Mitsubishi Lancer Evolution GSR,46482.0,Used,2015,44995,AUTOSOURCE,128 ,4.7
819,2021 Jeep Grand Cherokee Overland,41797.0,Jeep Certified,2021,46499,Allen Samuels of Jackson,367 ,4.7
820,2013 Toyota FJ Cruiser Base,105440.0,Used,2013,28995,Lithia Toyota of Redding,1463 ,4.7
821,2022 BMW M550 i xDrive,10667.0,Used,2022,77334,BMW Mt. Kisco,883 ,3.9
822,2019 Mercedes-Benz AMG CLS 53 S-Model 4MATIC,29679.0,Used,2019,63850,Fishers Imports,210 ,4.2
823,2023 Volvo XC60 Recharge Plug-In Hybrid Core Bright Theme,2345.0,Used,2023,61888,Rosenthal Acura,275 ,4.9
824,2021 Mercedes-Benz GLS 450 4MATIC,15276.0,Used,2021,79988,Kendall Toyota of Anchorage,645 ,4.4
825,2020 Volkswagen Atlas 3.6L S,13958.0,Used,2020,35800,Poquet Auto,1132 ,4.6
826,2017 Mercedes-Benz AMG GT S Coupe *ONLY 4400 MILES* *EXCLUSIVE INTERIOR PACK,4424.0,Used,2017,99777,Jakes Motorcars,70 ,5.0
827,2019 FIAT 124 Spider Abarth,28543.0,Used,2019,26990,D & C Motor Company,114 ,3.7
828,2021 INFINITI QX80 PREMIUM SELECT,30025.0,Used,2021,58786,Birmingham Luxury Motors,1071 ,4.9
829,2021 Mazda CX-5 Grand Touring,47621.0,Used,2021,29866,Tadd Jenkins Chevrolet,62 ,4.6
830,2006 Toyota Sequoia Limited,135457.0,Used,2006,8977,Auto Hub of Woodbridge,No names,No names
831,2020 BMW 740 i,24851.0,Used,2020,54998,CarMax Puyallup - Now offering Curbside Pickup,3 ,No names
832,2022 Hyundai Palisade Calligraphy,14978.0,Used,2022,53970,Billion Auto - Hyundai of Iowa City,186 ,No names
833,2020 Alfa Romeo Giulia Ti,24086.0,Used,2020,38445,Jackson Nissan,49 ,3.9
834,2018 GMC Yukon SLT,53505.0,Used,2018,45990,Glynn Smith Chevrolet Buick-GMC,337 ,4.3
835,2017 Lexus GS F Base,49129.0,Used,2017,52933,Brewer Airport Toyota,85 ,4.6
836,2017 Subaru Impreza 2.0i Sport,59223.0,Used,2017,18900,Huebner Subaru,1167 ,4.8
837,2022 Hyundai Sonata N Line,8533.0,Used,2022,30300,Grieco Hyundai of Johnston,69 ,4.6
838,2008 Bentley Continental GT 2dr Conv,34696.0,Used,2008,56195,RUIZ RANCH MOTORS,2 ,No names
839,2018 RAM 1500 ST,107428.0,Used,2018,22995,Nearly New Auto and Truck,0 ,No names
840,2019 BMW X7 xDrive40i,37658.0,Used,2019,65995,BMW of Idaho Falls,48 ,5.0
841,2021 Jeep Grand Cherokee L Limited,12761.0,Used,2021,42524,Napleton Clermont Chrysler Jeep Dodge RAM,972 ,3.7
842,2019 Lincoln MKZ Hybrid Reserve I,14346.0,Used,2019,36488,Palm Springs Motors Ford,480 ,4.2
843,2018 Porsche Panamera Sport Turismo 4S,21645.0,Used,2018,89999,Audi Tacoma,673 ,2.5
844,2016 Mercedes-Benz S-Class S 550 4MATIC,38194.0,Used,2016,41077,Bloomington Normal Auto-Mall,107 ,2.2
845,2021 Subaru Crosstrek Sport,26639.0,Used,2021,31995,Bleskin Motors,42 ,No names
846,2017 BMW X6 M Sports Activity Coupe,53369.0,Used,2017,52800,Motorcars Lansing,748 ,4.4
847,2022 Genesis G70 3.3T Launch Edition,12722.0,Used,2022,52495,Dean McCrary Kia,68 ,2.6
848,2015 Mercedes-Benz GLK-Class GLK 350 4MATIC,63800.0,Used,2015,23999,Rocky Mountain Auto Brokers Inc.,1761 ,4.6
849,2019 Mercedes-Benz GLA 250 4MATIC,30849.0,Used,2019,31498,Berlin City Toyota Lexus,1493 ,4.5
850,2014 Nissan Titan SV,79796.0,Used,2014,22917,Bob Rohrman Subaru of Fort Wayne,1167 ,4.4
851,2012 BMW M6 Base,47332.0,Used,2012,40995,Napleton's Arlington Heights Chrysler Dodge Jeep RAM,3081 ,4.2
852,2006 Dodge Ram 3500 SLT Quad Cab DRW,225032.0,Used,2006,15990,Lithia Chrysler Jeep Dodge Ram FIAT of Tri-Cities,796 ,4.2
853,2015 Jaguar XJ XJL Portfolio,38495.0,Used,2015,25995,AMKO Auto of Laurel,38 ,3.2
854,2021 Audi SQ5 3.0T Premium Plus,6561.0,Used,2021,53991,Audi North Houston,81 ,3.8
855,2021 Ford Explorer Limited,60786.0,Used,2021,29196,Superior Nissan of Conway,25 ,No names
856,2019 GMC Acadia SLT-1,60121.0,Used,2019,28000,Everett Chevrolet Buick GMC Cadillac,1129 ,4.4
857,2017 Buick Enclave Premium,67020.0,Used,2017,25998,Husker Auto Group,657 ,3.2
858,2019 BMW X6 M Base,34991.0,BMW Certified,2019,65995,Orange County BMW,102 ,1.7
859,2021 BMW X5 M Base,15347.0,Used,2021,99500,Certified Benz & Beemer,11750 ,4.9
860,2022 Kia K5 EX,12320.0,Used,2022,30500,Five Star Hyundai of Macon,68 ,4.5
861,2016 Jeep Grand Cherokee Limited,39138.0,Used,2016,29999,Chevrolet of Walla Walla,389 ,4.2
862,2022 Toyota Prius Prime LE,4518.0,Used,2022,36995,Page Toyota,194 ,No names
863,2015 Mercedes-Benz GLK-Class GLK 350 4MATIC,63800.0,Used,2015,23999,Rocky Mountain Auto Brokers Inc.,1761 ,4.6
864,2014 Nissan Titan SV,79796.0,Used,2014,22917,Bob Rohrman Subaru of Fort Wayne,1167 ,4.4
865,2016 Lexus GS 350 Base,77801.0,Used,2016,26978,Hanna Imports,2276 ,3.7
866,2020 Chrysler Pacifica Hybrid Touring,35309.0,Used,2020,34990,Kenosha Toyota,4 ,No names
867,2019 Dodge Durango R/T,29630.0,Used,2019,41992,Automaxx of the Carolinas,1913 ,4.2
868,2017 Volkswagen Beetle 1.8T,29012.0,Used,2017,21495,Auto Passion Team,3 ,No names
869,2022 Audi S5 Premium Plus,9290.0,Used,2022,58400,Audi Pembroke Pines,247 ,4.6
870,2019 Lexus ES 350 350,29622.0,Used,2019,32998,Walser Subaru St. Paul,16 ,3.9
871,2020 Lexus GX 460 Base,32377.0,Used,2020,44750,Bill Luke Santan,770 ,4.8
872,2019 Audi A8 L 55,33305.0,Used,2019,47839,Morgan Chevrolet,202 ,3.2
873,2022 Mercedes-Benz AMG GLC 43 Base 4MATIC,856.0,Used,2022,72800,United Auto Exchange,94 ,3.9
874,2018 Buick Regal TourX Preferred,13380.0,Used,2018,29995,Lenzen Chevrolet-Buick Inc,78 ,No names
875,2008 Aston Martin DB9 Volante,60761.0,Used,2008,42950,European Motors,202 ,4.2
876,2007 Bentley Continental Flying Spur ,58588.0,Used,2007,39900,Best Car N Care Inc.,53 ,2.4
877,2018 BMW X6 M Base,38003.0,Used,2018,61998,Luther Park Place BMW,3716 ,4.8
878,2015 BMW 550 Gran Turismo i xDrive,47974.0,Used,2015,29996,"Certified Autoplex, Inc.",1571 ,4.9
879,2020 BMW 740 i xDrive,33086.0,Used,2020,57684,Bartlesville Chrysler Dodge Jeep Ram,322 ,4.7
880,2021 Audi RS Q8 4.0T quattro,5746.0,Used,2021,124988,Marin Mazda,26 ,2.8
881,2020 Cadillac CT4 V-Series,24554.0,Cadillac Certified,2020,44989,Red Noland Cadillac,0 ,No names
882,2023 BMW X5 PHEV xDrive45e,1860.0,Used,2023,79988,Sewell BMW of Grapevine,63 ,3.7
883,2022 Kia K5 EX,12320.0,Used,2022,30500,Five Star Hyundai of Macon,68 ,4.5
884,2018 RAM 3500 Laramie,81613.0,Used,2018,59990,Boardwalk Motor Cars,11 ,No names
885,2021 BMW X5 M Base,15347.0,Used,2021,99500,Certified Benz & Beemer,11750 ,4.9
886,2019 Mercedes-Benz GLA 250 4MATIC,30849.0,Used,2019,31498,Berlin City Toyota Lexus,1493 ,4.5
887,2016 Nissan Maxima 3.5 SL,68100.0,Used,2016,19998,Price Pro,695 ,4.4
888,2020 Audi Q3 45 S line Premium,31467.0,Used,2020,33646,Alfa Romeo of Strongsville,873 ,4.8
889,2012 BMW M6 Base,47332.0,Used,2012,40995,Napleton's Arlington Heights Chrysler Dodge Jeep RAM,3081 ,4.2
890,2015 Jaguar XJ XJL Portfolio,38495.0,Used,2015,25995,AMKO Auto of Laurel,38 ,3.2
891,2014 BMW 550 i,54123.0,Used,2014,29900,Lux Motors,307 ,5.0
892,2020 BMW M2 Competition,38953.0,Used,2020,47998,HGreg.com West Palm Beach,40 ,3.2
893,2019 BMW 640 Gran Coupe i xDrive,55145.0,Used,2019,39990,ALM Marietta,3037 ,4.6
894,2009 Mercedes-Benz SL-Class SL550 Roadster,51121.0,Used,2009,28975,Don Vance Chrysler Dodge Jeep Ram,68 ,3.9
895,2019 Mercedes-Benz AMG G 63 Base,24348.0,Used,2019,165999,Auto Resources,1 review,No names
896,2018 Cadillac Escalade Luxury,54504.0,Used,2018,47999,Auto Advantage,68 ,No names
897,2018 Toyota Tacoma TRD Sport,45016.0,Used,2018,36999,Don Ayres Acura,19 ,4.9
898,2019 Ford Transit-350 XLT,61560.0,Used,2019,47988,Supreme Ford of Slidell,165 ,3.8
899,2014 Nissan Titan SV,79796.0,Used,2014,22917,Bob Rohrman Subaru of Fort Wayne,1167 ,4.4
900,2006 Dodge Ram 3500 SLT Quad Cab DRW,225032.0,Used,2006,15990,Lithia Chrysler Jeep Dodge Ram FIAT of Tri-Cities,796 ,4.2
901,2018 Alfa Romeo Stelvio Ti,39943.0,Used,2018,29994,Modern Classic Motors,351 ,4.0
902,2019 Nissan Armada Platinum,53254.0,Used,2019,37900,Leson Chevrolet,430 ,4.3
903,2022 INFINITI QX50 LUXE,2398.0,Used,2022,44989,INFINITI of Englewood,21 ,4.1
904,2017 Subaru Impreza 2.0i Sport,43313.0,Used,2017,21977,Briggs Subaru of Topeka,81 ,4.0
905,2017 Audi A3 e-tron 1.4T Premium,50822.0,Used,2017,25999,Steven Nissan,150 ,4.6
906,2021 Dodge Challenger R/T,33381.0,Dodge Certified,2021,37331,Woody's Dodge Jeep Chrysler RAM,1820 ,4.6
907,2017 Audi TTS 2.0T quattro,66792.0,Used,2017,35995,"Cars Of Tampa, Inc",25 ,3.8
908,2021 Hyundai Tucson Limited,29992.0,Used,2021,28989,Corwin Motors Kalispell,143 ,4.9
909,2019 Lexus RC 300 300,18523.0,Used,2019,41500,Bill Luke Santan,770 ,4.8
910,2020 GMC Yukon SLT,59886.0,Used,2020,43868,McLarty Daniel Chrysler Dodge Jeep RAM of Bentonville,1796 ,4.8
911,2022 Chevrolet Suburban RST,19008.0,Used,2022,68950,Rusty Drewing Chevrolet Buick GMC,84 ,4.7
912,2004 Jaguar XJ Vanden Plas,55550.0,Used,2004,17987,South Street Autos,14 ,No names
913,2019 Honda Passport EX-L,17992.0,Used,2019,29758,Rick Case Acura,1844 ,4.7
914,2012 Dodge Charger SXT,111216.0,Used,2012,13977,Westgate Chevrolet,6 ,No names
915,2019 Acura MDX 3.5L w/Technology Package,32064.0,Used,2019,34989,Genesis of Stevens Creek,0 ,No names
916,2020 Chevrolet Bolt EV LT,10049.0,Used,2020,33990,Capital Chevrolet of Shallotte,No names,No names
917,2021 Volkswagen Arteon 2.0T SEL R-Line,10688.0,Used,2021,36180,Boch Toyota South,2328 ,4.4
918,2022 Jeep Grand Cherokee WK Laredo,8352.0,Used,2022,42995,Shults Nissan Subaru,43 ,4.3
919,2019 Porsche Cayenne Base,34036.0,Porsche Certified,2019,66995,Sewickley BMW,266 ,4.6
920,2013 Mercedes-Benz CLS-Class CLS 550,87768.0,Used,2013,24468,Greg May Honda,2738 ,4.7
921,2021 Chevrolet Traverse LS,24412.0,Used,2021,32591,Butler Chevrolet,19 ,4.3
922,2022 Lexus RX 350 Base,1161.0,Used,2022,47988,Kendall Honda,415 ,4.7
923,2020 Ford Explorer ST,52288.0,Used,2020,41999,The Autobarn Volkswagen of Countryside,1153 ,4.8
924,2015 Audi A8 4.0T,68333.0,Used,2015,30995,Five Star Auto Sales of Tampa,54 ,4.2
925,2011 Jaguar XK Base,60000.0,Used,2011,22999,Posh Motors,0 ,No names
926,2022 Mercedes-Benz GLE 350 Base 4MATIC,2639.0,Used,2022,64992,Mercedes-Benz of Augusta,245 ,4.6
927,2016 Toyota Tundra SR,124762.0,Used,2016,26449,Toyota of Bowling Green,276 ,No names
928,2018 Subaru WRX Limited,28719.0,Used,2018,28984,Bartlesville Chrysler Dodge Jeep Ram,322 ,4.7
929,2019 Genesis G70 3.3T Advanced,30404.0,Used,2019,33588,Schumacher Chrysler Dodge Jeep Ram of Delray,1277 ,4.7
930,2020 Honda Odyssey EX-L,44616.0,Used,2020,37547,Shottenkirk Chevrolet KIA of Quincy,158 ,2.2
931,2014 Toyota Land Cruiser V8,80314.0,Used,2014,54998,Lexus of Wichita,229 ,4.4
932,2017 Lincoln Navigator Select,85311.0,Used,2017,31999,Merchant Nissan,131 ,4.7
933,2018 Jeep Wrangler Unlimited Sahara,50018.0,Used,2018,38917,Panama City Toyota,468 ,3.8
934,2019 Ford Expedition XLT,46686.0,Used,2019,44465,Donley Ford of Galion,490 ,4.9
935,2018 RAM 2500 Laramie,62835.0,Used,2018,47233,Paramus Chevrolet,190 ,4.4
936,2021 Volvo XC60 T6 Momentum,38899.0,Used,2021,36790,Armstrong VW,94 ,1.7
937,2019 Lexus RX 350L Premium,35821.0,Used,2019,40999,Memphis Luxury Motors,293 ,4.8
938,2021 Mercedes-Benz E-Class E 350 4MATIC,6358.0,Used,2021,57000,MotorWorld Pre-Owned,1842 ,4.8
939,2019 Ford Transit-350 XLT,61560.0,Used,2019,47988,Supreme Ford of Slidell,165 ,3.8
940,2018 Mitsubishi Mirage GT,78024.0,Used,2018,11995,EV MOTORS INC,No names,No names
941,2023 Cadillac XT4 Luxury,1221.0,Cadillac Certified,2023,39000,Jim Ellis Cadillac,192 ,4.4
942,2021 Mercedes-Benz E-Class E 450 4MATIC,16833.0,Used,2021,70977,Dave Towell Cadillac,125 ,4.8
943,2023 MINI Clubman Cooper S Classic,148.0,MINI Certified,2023,36488,Sewell BMW MINI of Plano,1068 ,4.6
944,2019 Nissan Rogue SL,18754.0,Nissan Certified,2019,29582,DOUGLASS NISSAN OF WACO,270 ,4.9
945,2020 Honda Odyssey EX-L,44616.0,Used,2020,37547,Shottenkirk Chevrolet KIA of Quincy,158 ,2.2
946,2017 Volvo XC90 Hybrid T8 Inscription,58171.0,Used,2017,36500,Courtesy Volvo Cars of Scottsdale,1179 ,4.3
947,2020 Lincoln Navigator Reserve,44184.0,Used,2020,65333,Big Star Cadillac,916 ,4.8
948,2021 Nissan Titan PRO-4X,17015.0,Used,2021,46998,Blue Knob Auto Sales,40 ,4.6
949,2021 Mercedes-Benz AMG GLC 43 Base 4MATIC,29665.0,Used,2021,54695,Prestige Toyota of Ramsey,3697 ,4.6
950,2022 Kia Sportage S,13237.0,Used,2022,25367,"Hollywood Kia - Delivery from Hollywood, FL (for Ft. Myers)",No names,No names
951,1970 Mercury Marquis ,85827.0,Used,1970,44000,Gateway Classic Cars,0 ,No names
952,2019 Toyota Tundra SR5,29333.0,Used,2019,40789,Larry H. Miller Used Car Supermarket Murray,157 ,4.8
953,2015 Lincoln MKC Base,61652.0,Used,2015,21995,East Coast Auto Sales,22 ,3.1
954,2020 Lincoln Navigator Reserve,50377.0,Used,2020,63988,"Bob Grimm Chevrolet, Inc.",367 ,4.9
955,2021 GMC Acadia SLE,4118.0,Used,2021,35887,Ron Tonkin Chevrolet,342 ,4.4
956,2022 Chevrolet Equinox Premier,7830.0,Used,2022,31999,Audi Central Houston,617 ,4.0
957,2022 RAM ProMaster 3500 High Roof,7202.0,Used,2022,59572,Rick Hendrick Buick GMC,762 ,4.7
958,2015 Lexus RC F Base,46495.0,Used,2015,44991,Lexus of Sacramento,641 ,4.7
959,2020 Mercedes-Benz AMG GT 63 S 4-Door,14753.0,Used,2020,154990,Mercedes-Benz of Littleton,1084 ,4.6
960,2021 Honda Passport EX-L,18641.0,Used,2021,36597,Checkered Flag Honda,4571 ,4.9
961,2021 Jaguar F-PACE P340 S,23606.0,Used,2021,55500,Louisburg Ford,573 ,4.8
962,2016 Audi S7 4.0T quattro,33584.0,Used,2016,46520,Audi Rochester Hills,3 ,No names
963,2020 Subaru Legacy Sport,40481.0,Used,2020,28250,Lager's Chrysler World,22 ,4.9
964,2022 Volkswagen Atlas 3.6L SE w/Technology,330.0,Used,2022,39500,Capital Car Rental,0 ,No names
965,2018 Nissan Titan PRO-4X,28760.0,Nissan Certified,2018,36899,Fred Martin Nissan LLC,2213 ,4.8
966,2021 GMC Yukon Denali,29646.0,Used,2021,75990,Nimey's New Generation Cars,37 ,No names
967,2019 BMW X7 xDrive40i,67809.0,Used,2019,53995,BMW of Bend,70 ,4.8
968,2016 Cadillac XTS Premium Collection,12645.0,Used,2016,32712,Rydell Chevrolet,287 ,4.5
969,2021 Honda Civic Type R Touring,3780.0,Used,2021,47915,Gary Force Honda,31 ,No names
970,2019 Subaru Crosstrek 2.0i Premium,39707.0,Used,2019,21753,Mac Haik Hyundai,122 ,No names
971,2018 BMW X5 M Base,30543.0,Used,2018,58998,HGreg.com Orlando,3018 ,4.8
972,2022 INFINITI QX50 LUXE,2398.0,Used,2022,44989,INFINITI of Englewood,21 ,4.1
973,2015 BMW X6 M Base,55054.0,Used,2015,47899,Walser Hyundai,1712 ,4.8
974,2015 Porsche Macan S,26315.0,Porsche Certified,2015,37989,Porsche St. Louis,336 ,4.9
975,2022 BMW M340 i,5771.0,Used,2022,57879,Century Automotive,15 ,1.6
976,2018 Volkswagen Jetta 1.8T SE Sport,52703.0,Used,2018,20999,Bryan Easler Toyota,71 ,3.5
977,2021 BMW X4 xDrive30i,6720.0,Used,2021,51940,National Dodge Chrysler Jeep RAM,567 ,4.4
978,2021 Cadillac XT4 Luxury,6343.0,Used,2021,38500,Boucher Cadillac of Waukesha,550 ,4.8
979,2009 Pontiac G8 GT,61400.0,Used,2009,23995,Wheel Deal Auto Sales,21 ,4.1
980,2013 Bentley Continental GT 2dr Cpe,50470.0,Used,2013,72900,Motorcars Lansing,748 ,4.4
981,2021 Nissan Titan SV,8857.0,Used,2021,40995,Bob Johnson Auto Group,681 ,4.6
982,2019 Lexus UX 200 F Sport,23194.0,Used,2019,34975,Klamath Falls Subaru,64 ,No names
983,2019 BMW 740 i,24804.0,Used,2019,44444,BMW Of San Luis Obispo,464 ,4.7
984,2021 Mercedes-Benz AMG GLC 43 4MATIC Coupe,27765.0,Used,2021,59393,North Coast Auto Mall of Bedford,2415 ,3.6
985,2019 Cadillac Escalade Premium Luxury,69242.0,Used,2019,49999,Chevrolet of South Anchorage,811 ,3.4
986,2020 Lexus RX 350L Base,31642.0,Used,2020,45995,Leson Chevrolet,430 ,4.3
987,2007 Aston Martin DB9 Volante,33524.0,Used,2007,48900,Autobahn USA Dedham,1042 ,4.7
988,2020 Volvo V60 Cross Country T5,36326.0,Volvo Certified,2020,35794,Volvo Cars San Diego,130 ,4.0
989,2020 Hyundai Santa Fe Limited 2.0T,21585.0,Used,2020,31347,Red McCombs Hyundai Northwest,462 ,3.1
990,2012 Scion tC Release Series 7.0,72089.0,Used,2012,12950,Shift Portland,11 ,2.2
991,2020 Cadillac CT6-V 4dr Sdn,18160.0,Used,2020,69888,Volkswagen of West Islip,445 ,3.4
992,2019 Honda Pilot EX-L,44894.0,Used,2019,32999,Napleton Autowerks Loves Park,828 ,4.9
993,1997 Ford F-250 XL H/D,42013.0,Used,1997,18995,Rides Unlimited Chicago,19 ,3.7
994,1993 Chevrolet Camaro ,42929.0,Used,1993,5988,Chaparral Buick GMC,36 ,2.9
995,2019 Mercedes-Benz S-Class S 560,90591.0,Used,2019,44999,"City Auto Sales, LLC",284 ,4.4
996,2016 Toyota Prius Four Touring,124874.0,Used,2016,23991,Daytona Motor Company,1 review,No names
997,1994 Chevrolet 3500 ,73582.0,Used,1994,11788,Tailgate Motor Co,21 ,3.3
998,2021 BMW M440 i xDrive,13791.0,Used,2021,56987,Jaguar Land Rover Henderson,0 ,No names
999,2019 BMW M760 i xDrive,41335.0,Used,2019,68800,Deluxe Auto Sales,1570 ,4.5
1000,2017 Lexus ES 350 Base,58767.0,Used,2017,25014,Bob Rohrman Toyota,1681 ,4.7
1001,2009 Mercedes-Benz CLS-Class CLS 550,45764.0,Used,2009,18788,iCars Chicago,504 ,5.0
1002,2019 GMC Terrain SLE,58183.0,Used,2019,22845,Sterling Premium Select,25 ,4.9
1003,2020 Volkswagen Atlas Cross Sport 3.6L V6 SEL 4MOTION,23222.0,Used,2020,36992,Honolulu Volkswagen,691 ,4.8
1004,2018 Buick Envision Essence,52633.0,Used,2018,27750,Tom Ahl Buick GMC,No names,No names
1005,2016 Aston Martin Rapide S Base,53799.0,Used,2016,72885,SJL Motors,165 ,4.5
1006,2022 Kia Stinger GT-Line,4462.0,Used,2022,39492,Mercedes-Benz of Augusta,245 ,4.6
1007,2018 GMC Yukon SLT,53505.0,Used,2018,45990,Glynn Smith Chevrolet Buick-GMC,337 ,4.3
1008,2017 BMW 540 i xDrive,72059.0,Used,2017,29400,Awesome Autos & Trucks,1 review,No names
1009,2020 Volkswagen Atlas 3.6L S,13958.0,Used,2020,35800,Poquet Auto,1132 ,4.6
1010,2017 Mercedes-Benz AMG GT S Coupe *ONLY 4400 MILES* *EXCLUSIVE INTERIOR PACK,4424.0,Used,2017,99777,Jakes Motorcars,70 ,5.0
1011,2022 Rivian R1S Launch Edition,926.0,Used,2022,138888,Platinum Autohaus,304 ,5.0
1012,2014 BMW 550 i,54123.0,Used,2014,29900,Lux Motors,307 ,5.0
1013,2020 BMW M2 Competition,38953.0,Used,2020,47998,HGreg.com West Palm Beach,40 ,3.2
1014,2019 BMW 640 Gran Coupe i xDrive,55145.0,Used,2019,39990,ALM Marietta,3037 ,4.6
1015,2009 Mercedes-Benz SL-Class SL550 Roadster,51121.0,Used,2009,28975,Don Vance Chrysler Dodge Jeep Ram,68 ,3.9
1016,2022 Audi S5 Premium Plus,9290.0,Used,2022,58400,Audi Pembroke Pines,247 ,4.6
1017,2019 Lexus ES 350 350,29622.0,Used,2019,32998,Walser Subaru St. Paul,16 ,3.9
1018,2014 Toyota Land Cruiser V8,80314.0,Used,2014,54998,Lexus of Wichita,229 ,4.4
1019,2017 Lincoln Navigator Select,85311.0,Used,2017,31999,Merchant Nissan,131 ,4.7
1020,2018 Jeep Wrangler Unlimited Sahara,50018.0,Used,2018,38917,Panama City Toyota,468 ,3.8
1021,2019 Ford Transit-350 XLT,61560.0,Used,2019,47988,Supreme Ford of Slidell,165 ,3.8
1022,2018 Mitsubishi Mirage GT,78024.0,Used,2018,11995,EV MOTORS INC,No names,No names
1023,2023 Cadillac XT4 Luxury,1221.0,Cadillac Certified,2023,39000,Jim Ellis Cadillac,192 ,4.4
1024,2015 Maserati Quattroporte S Q4,67360.0,Used,2015,28950,M & F Auto Sales,285 ,3.1
1025,2011 Lexus IS-F Base,57733.0,Used,2011,43900,Lux Motors,307 ,5.0
1026,2020 Alfa Romeo Giulia Ti,24086.0,Used,2020,38445,Jackson Nissan,49 ,3.9
1027,2018 Audi A5 2.0T Premium Plus,82305.0,Used,2018,29585,Rudolph Mazda,20 ,4.5
1028,2016 Porsche Macan S,88554.0,Used,2016,29996,White Allen European Auto Group,380 ,3.0
1029,2017 Lexus GS F Base,49129.0,Used,2017,52933,Brewer Airport Toyota,85 ,4.6
1030,2022 Hyundai Sonata N Line,8533.0,Used,2022,30300,Grieco Hyundai of Johnston,69 ,4.6
1031,2018 RAM 1500 ST,107428.0,Used,2018,22995,Nearly New Auto and Truck,0 ,No names
1032,2018 GMC Yukon XL SLE,99224.0,Used,2018,37850,City Auto,157 ,4.4
1033,2020 Lexus GX 460 Base,32377.0,Used,2020,44750,Bill Luke Santan,770 ,4.8
1034,2019 Audi A8 L 55,33305.0,Used,2019,47839,Morgan Chevrolet,202 ,3.2
1035,2022 Mercedes-Benz AMG GLC 43 Base 4MATIC,856.0,Used,2022,72800,United Auto Exchange,94 ,3.9
1036,2018 Buick Regal TourX Preferred,13380.0,Used,2018,29995,Lenzen Chevrolet-Buick Inc,78 ,No names
1037,2022 Acura ILX Premium & A-SPEC Packages,6494.0,Acura Certified,2022,29798,Phil Smith Acura,1349 ,4.8
1038,2019 Audi A3 2.0T Premium,41559.0,Used,2019,26993,Garber Automotive Porsche Audi,381 ,4.7
1039,2021 Mitsubishi Outlander Sport 2.0 ES,22071.0,Used,2021,19990,Wyatt Johnson Ford Nashville,516 ,4.1
1040,2023 Land Rover Defender 110 X,6605.0,Used,2023,109989,Jaguar Land Rover of Colorado Springs,4 ,No names
1041,2020 Chrysler Pacifica Hybrid Touring,35309.0,Used,2020,34990,Kenosha Toyota,4 ,No names
1042,2019 Dodge Durango R/T,29630.0,Used,2019,41992,Automaxx of the Carolinas,1913 ,4.2
1043,2017 Volkswagen Beetle 1.8T,29012.0,Used,2017,21495,Auto Passion Team,3 ,No names
1044,2019 Jaguar XJ XJL Supercharged,28646.0,Used,2019,61215,Alfa Romeo of St. Petersburg,373 ,4.7
1045,2019 Mercedes-Benz AMG G 63 Base,24348.0,Used,2019,165999,Auto Resources,1 review,No names
1046,2018 Cadillac Escalade Luxury,54504.0,Used,2018,47999,Auto Advantage,68 ,No names
1047,2018 Toyota Tacoma TRD Sport,45016.0,Used,2018,36999,Don Ayres Acura,19 ,4.9
